<FRK>
	<append xpath="/progression/perks/perk[@name='perkDemolitionsExpert']/effect_group/passive_effect[@name='RecipeTagUnlocked'][@level='1,5']/@tags">,drugAtomJunkies</append>
	<append xpath="/progression/perks/perk[@name='perkSalvageOperations']/effect_group/passive_effect[@name='RecipeTagUnlocked'][@level='1,5']/@tags">,drugHackers</append>
	<append xpath="/progression/perks/perk[@name='perkPhysician']/effect_group/passive_effect[@name='RecipeTagUnlocked'][@level='1,4']/@tags">,drugHealthBar</append>
	<append xpath="/progression/perks/perk[@name='perkLockPicking']/effect_group/passive_effect[@name='RecipeTagUnlocked'][@level='1,3']/@tags">,drugJailBreakers</append>
	<append xpath="/progression/perks/perk[@name='perkElectrocutioner']/effect_group/passive_effect[@name='RecipeTagUnlocked'][@level='1,5']/@tags">,drugNerdTats</append>
	<append xpath="/progression/perks/perk[@name='perkMiner69r']/effect_group/passive_effect[@name='RecipeTagUnlocked'][@level='1,5']/@tags">,drugRockBusters</append>
	<append xpath="/progression/perks/perk[@name='perkBrawler']/effect_group/passive_effect[@name='RecipeTagUnlocked'][@level='1,5']/@tags">,drugSkullCrushers</append>


	<insertAfter xpath="/progression/perks/perk[@name='perkFromTheShadows']/effect_group/passive_effect[@name='EnemySearchDuration']">
		<passive_effect name="RecipeTagUnlocked" operation="base_set" level="1,5" value="1" tags="drugCovertCats"/>
	</insertAfter>
	<insertAfter xpath="/progression/perks/perk[@name='perkLuckyLooter']/effect_group/passive_effect[@name='ScavengingTime']">
		<passive_effect name="RecipeTagUnlocked" operation="base_set" level="1,5" value="1" tags="drugEyeKandy"/>
	</insertAfter>
	<insertAfter xpath="/progression/perks/perk[@name='perkParkour']/effect_group/passive_effect[@name='StaminaLoss']">
		<passive_effect name="RecipeTagUnlocked" operation="base_set" level="1,4" value="1" tags="drugOhShitzDrops"/>
	</insertAfter>
	<insertAfter xpath="/progression/perks/perk[@name='perkBetterBarter']/effect_group/passive_effect[@name='SecretStash']">
		<passive_effect name="RecipeTagUnlocked" operation="base_set" level="1,5" value="1" tags="drugSugarButts"/>
	</insertAfter>
</FRK>