<FRK>

	<append xpath="/blocks">

		<block name="schematicDesk">
			<property name="CustomIcon" value="cntMetalDesk02RandomLootHelper"/>
			<property name="CustomIconTint" value="cc8899"/>
			<property name="DescriptionKey" value="schematicDeskDesc"/>
			<property name="Material" value="Mmetal" />
			<property name="Shape" value="Ext3dModel"/>
			<property name="Texture" value="293"/>
			<property name="Mesh" value="models"/>
			<property name="Path" value="solid"/>
			<property name="Model" value="Furniture/desk02" param1="main_mesh"/>
			<property name="DisplayType" value="blockMulti"/>
			<property name="MultiBlockDim" value="2,1,1"/>
			<drop event="Destroy" name="resourceScrapIron" count="15"/>
			<drop event="Fall" name="scrapMetalPile" count="1" prob="0.75" stick_chance="1"/>
			<property name="Place" value="TowardsPlacerInverted" />
			<property name="ImposterExchange" value="imposterBlock" param1="161"/>
			<property name="IsTerrainDecoration" value="true"/>
			<property name="Class" value="Workstation" />
			<property name="EconomicValue" value="5000"/>
			<property name="EconomicBundleSize" value="1"/>
			<property name="SellableToTrader" value="false"/>
			<property name="UnlockedBy" value="perkAdvancedEngineering,schematicDeskSchematic"/>
			<property name="WorkstationIcon" value="ui_game_symbol_book"/>
			<property class="Workstation">
				<property name="Modules" value="tools,output"/>
				<property name="Collide" value="melee,bullet,arrow,rocket"/>
				<property name="CraftingAreaRecipes" value="schematicDesk"/>
			</property>
			<property name="WorkstationJournalTip" value="schematicDeskTip"/>
			<property name="Group" value="Basics" />
			<property class="RepairItems">
				<property name="resourceForgedIron" value="2" />
			</property>
		</block>

	</append>	

</FRK>