<FRK>
	<append xpath="/windows">

		<window name="windowToolsDesk" width="100" height="228" panel="Right" cursor_area="true" >
			<panel style="header.panel">
				<sprite style="header.icon" sprite="ui_game_symbol_pen"/>
				<label style="header.name" text="Tools" text_key="xuiTools" />
			</panel>
			<rect name="content" depth="0" pos="0,-46" height="75" disablefallthrough="true">
				<grid name="inventory" rows="1" cols="1" pos="3,-3" cell_width="75" cell_height="75" controller="WorkstationToolGrid" repeat_content="true" allow_sort_order="false" required_tools="toolCalipers" required_tools_only="true">
					<required_item_stack name="0"/>
				</grid>
			</rect>
		</window>

		<!-- Extra Crafting Queue Slot -->
		<window name="FRKSCHwindowCraftingQueue" width="397" height="78" panel="Left" cursor_area="true" >
			<rect depth="0" pos="19,0" width="378" controller="CraftingQueue">
				<grid name="queue" rows="1" cols="5" pos="3,-13" cell_width="75" cell_height="75" repeat_content="true">
					<recipe_stack name="0"/>
				</grid>
			</rect>
		</window>
	</append>
</FRK>
