<FRK>
	<append xpath="/items">
		<item name="modArmorBackPackSchematic">
			<property name="Extends" value="schematicNoQualityMaster"/>
			<property name="CreativeMode" value="Player"/>
			<property name="CustomIcon" value="modArmorBackPack"/>
			<property name="Unlocks" value="modArmorBackPack"/>
			<property name="Group" value="frkschCategoryArmor"/>
			<effect_group tiered="false">
				<triggered_effect trigger="onSelfPrimaryActionEnd" action="ModifyCVar" cvar="modArmorBackPack" operation="set" value="1"/>
				<triggered_effect trigger="onSelfPrimaryActionEnd" action="GiveExp" exp="50"/>
			</effect_group>
		</item>
		<item name="modArmorSprungBootsSchematic">
			<property name="Extends" value="schematicMaster"/>
			<property name="CreativeMode" value="Player"/>
			<property name="CustomIcon" value="modArmorSprungBoots"/>
			<property name="Unlocks" value="modArmorSprungBoots"/>
			<property name="Group" value="frkschCategory"/>
			<effect_group tiered="false">
				<triggered_effect trigger="onSelfPrimaryActionEnd" action="ModifyCVar" cvar="modArmorSprungBoots" operation="set" value="1"/>
				<triggered_effect trigger="onSelfPrimaryActionEnd" action="GiveExp" exp="50"/>
			</effect_group>
		</item>
		<item name="apparelUltimateGoggles">
			<property name="Extends" value="apparelShades"/>
			<property name="DisplayType" value="clothingAviatorGoggles"/>
			<property name="Stacknumber" value="1"/>
			<property name="CustomIcon" value="apparelUltimateGoggles"/>
			<property name="Class" value="ItemClassToggle"/>
			<property name="Material" value="MelectricParts"/>
			<property name="Weight" value="8"/>
			<property name="DegradationBreaksAfter" value="false"/>
			<property name="EconomicValue" value="2000"/>
			<property name="ActivateObject" value="NightVision"/>
			<property name="ImageEffectOnActive" value="NightVision"/>
			<property name="PlaySoundOnActive" value="nightvision_toggle"/>
			<property name="Active" value="false"/>
			<property name="HoldType" value="45"/>
			<property name="Meshfile" value="#Other/Items?Misc/sackPrefab.prefab"/>
			<property name="DropMeshfile" value="#Other/Items?Misc/sack_droppedPrefab.prefab"/>
			<property name="Group" value="Clothing"/>
			<property name="EquipSlot" value="Eyes"/>
			<property name="UnlockedBy" value="perkNeedleAndThreadComplete,apparelUltimateGogglesSchematic"/>
			<property class="UMA">
				<property name="Mesh" value="aviator_goggles"/>
				<property name="Overlay0" value="aviator_goggles"/>
			</property>
			<effect_group tiered="false">
				<passive_effect name="ModSlots" operation="base_set" value="0"/>
				<passive_effect name="LootGamestage" operation="base_add" value="20"/>
				<passive_effect name="TreasureBlocksPerReduction" operation="base_add" value="-4"/>
				<passive_effect name="HypothermalResist" operation="base_add" value="10"/>
				<passive_effect name="HyperthermalResist" operation="base_add" value="10"/>
				<passive_effect name="AttributeLevel" tags="attStrength" operation="base_add" value="1"/>
				<passive_effect name="AttributeLevel" tags="attIntellect" operation="base_add" value="1"/>
				<passive_effect name="AttributeLevel" tags="attCharisma" operation="base_add" value="1"/>
				<passive_effect name="AttributeLevel" tags="attPerception" operation="base_add" value="1"/>
				<passive_effect name="AttributeLevel" tags="attAgility" operation="base_add" value="1"/>
				<passive_effect name="AttributeLevel" tags="attFortitude" operation="base_add" value="1"/>
				<passive_effect name="BarteringBuying" operation="base_add" value=".25"/>
				<passive_effect name="BarteringSelling" operation="base_add" value=".25"/>
				<passive_effect name="CraftingTime" operation="perc_add" value="-.3"/>
				<passive_effect name="PlayerExpGain" operation="perc_add" value=".25"/>
				<display_value name="dCraftingTime" value="-.3"/>
				<display_value name="dPlayerExpGain" value=".25"/>
				<display_value name="dTreasureBlocksPerReduction" value="-4"/>
				<requirement name="IsLocalPlayer"/>
				<triggered_effect trigger="onSelfItemActivate" action="ModifyScreenEffect" effect_name="NightVision" intensity="1" fade="0"/>
				<triggered_effect trigger="onSelfItemDeactivate" action="ModifyScreenEffect" effect_name="NightVision" intensity="0" fade="0"/>
				<triggered_effect trigger="onSelfEquipStop" action="ModifyScreenEffect" effect_name="NightVision" intensity="0" fade="0"/>
				<triggered_effect trigger="onSelfEquipStart" action="AddPart" part="HeadLightTPV" prefab="ScreenEffects/DeferredNV/NVGLight" parentTransform="Spotlight" localPos="0,0,0" localRot="90,0,0"/>
				<triggered_effect trigger="onSelfEquipStart" action="AddPart" part="HeadLightFPV" prefab="ScreenEffects/DeferredNV/NVGLight" parentTransform="CameraNode" localPos="0,0,.1" localRot="-90,0,0"/>
				<triggered_effect trigger="onSelfEquipStop" action="RemovePart" part="HeadLightTPV"/>
				<triggered_effect trigger="onSelfEquipStop" action="RemovePart" part="HeadLightFPV"/>
				<triggered_effect trigger="onSelfItemActivate" action="SetPartActive" part="HeadLightTPV" active="@!.IsFPV"/>
				<triggered_effect trigger="onSelfItemActivate" action="SetPartActive" part="HeadLightFPV" active="@.IsFPV"/>
				<triggered_effect trigger="onSelfItemDeactivate" action="SetPartActive" part="HeadLightTPV" active="false"/>
				<triggered_effect trigger="onSelfItemDeactivate" action="SetPartActive" part="HeadLightFPV" active="false"/>
				<triggered_effect trigger="onSelfChangedView" action="SetPartActive" part="HeadLightTPV" active="@!.IsFPV"/>
				<triggered_effect trigger="onSelfChangedView" action="SetPartActive" part="HeadLightFPV" active="@.IsFPV"/>
			</effect_group>
		</item>
		<item name="apparelUltimateGogglesSchematic">
			<property name="Extends" value="schematicNoQualityMaster"/>
			<property name="CreativeMode" value="Player"/>
			<property name="CustomIcon" value="apparelUltimateGoggles"/>
			<property name="Unlocks" value="apparelUltimateGoggles"/>
			<property name="DescriptionKey" value="apparelUltimateGogglesSchematicDesc"/>
			<property name="Group" value="frkschCategoryMisc"/>
			<effect_group tiered="false">
				<triggered_effect trigger="onSelfPrimaryActionEnd" action="ModifyCVar" cvar="apparelUltimateGoggles" operation="set" value="1"/>
				<triggered_effect trigger="onSelfPrimaryActionEnd" action="GiveExp" exp="50"/>
			</effect_group>
		</item>
	</append>
</FRK>