<FRK>
	<append xpath="/item_modifiers">

		<item_modifier name="modArmorBackPack" installable_tags="armorChest" modifier_tags="carryweight" type="attachment">
			<property name="UnlockedBy" value="perkNeedleAndThreadComplete,modArmorBackPackSchematic"/>
			<property name="DisplayType" value="modCarryCapacity"/>
			<property name="Stacknumber" value="1"/>
			<property name="Group" value="Mods"/>
			<property name="DropMeshfile" value="#Other/Items?Misc/sack_droppedPrefab.prefab"/>
			<property name="EconomicValue" value="1500"/>
			<property name="Material" value="Mleather"/>
			<effect_group tiered="false">
				<passive_effect name="CarryCapacity" operation="base_add" value="20"/>
				<display_value name="dCarryCapacity" value="20"/>
			</effect_group>
		</item_modifier>
		
		<item_modifier name="modArmorSprungBoots" installable_tags="armorFeet" modifier_tags="falldamage,JumpStrength" type="attachment">
			<property name="UnlockedBy" value="perkParkour,modArmorSprungBootsSchematic"/>
			<property name="Stacknumber" value="1"/>
			<property name="Group" value="Mods"/>
			<property name="DropMeshfile" value="#Other/Items?Misc/sack_droppedPrefab.prefab"/>
			<property name="EconomicValue" value="1500"/>
			<property name="Material" value="Mleather"/>
			<effect_group tiered="false">
				<passive_effect name="JumpStrength" operation="perc_add" value=".3"/>
				<passive_effect name="StaminaLoss" operation="perc_add" value="-.5" tags="jumping"/>
				<triggered_effect trigger="onSelfEquipStart" action="AddBuff" buff="buffImpactBracing"/>
				<triggered_effect trigger="onSelfEquipStop" action="RemoveBuff" buff="buffImpactBracing"/>
			</effect_group>
		</item_modifier>

		<item_modifier name="modDyeRoyalPurple" installable_tags="clothing,armor,weapon,tool,vehicle" modifier_tags="dye" type="attachment" cosmetic_install_chance=".1">
			<property name="DescriptionKey" value="modDyeGroupDesc"/>
			<property name="Stacknumber" value="1"/>
			<property name="Group" value="Mods"/>
			<property name="DropMeshfile" value="#Other/Items?Misc/sack_droppedPrefab.prefab"/>
			<property name="CustomIcon" value="modDyeWhite"/>
			<property name="CustomIconTint" value="96,0,125"/>
			<property name="Material" value="Mpaint"/>
			<property name="Weight" value="20"/>

			<item_property_overrides name="*">
				<property name="TintColor" value="140,4,181"/>
				<property name="CustomIconTint" value="140,4,181"/>
				<property name="UMA.Overlay0Tint" value="140,4,181"/>
			</item_property_overrides>

			<item_property_overrides name="apparelTankTop">
				<property name="UMA.Overlay0Tint" value="skin"/>
				<property name="UMA.Overlay1Tint" value="140,4,181"/>
			</item_property_overrides>

			<item_property_overrides name="apparelTShirtPlain">
				<property name="UMA.Overlay0Tint" value="skin"/>
				<property name="UMA.Overlay1Tint" value="140,4,181"/>
			</item_property_overrides>

			<item_property_overrides name="apparelTShirtZU">
				<property name="UMA.Overlay0Tint" value="skin"/>
				<property name="UMA.Overlay1Tint" value="140,4,181"/>
			</item_property_overrides>

			<item_property_overrides name="apparelCoatJacketLetterZU">
				<property name="UMA.Overlay2Tint" value="140,4,181"/>
			</item_property_overrides>

			<item_property_overrides name="apparelDenimShortsPants">
				<property name="UMA.Overlay0Tint" value="skin"/>
				<property name="UMA.Overlay1Tint" value="140,4,181"/>
			</item_property_overrides>

			<item_property_overrides name="apparelSuitPants">
				<property name="UMA.Overlay0Tint" value="140,4,181"/>
			</item_property_overrides>

			<item_property_overrides name="apparelSuitJacket">
				<property name="UMA.Overlay0Tint" value="140,4,181"/>
			</item_property_overrides>

			<property name="PickupJournalEntry" value="augmentGunsTip"/>
		</item_modifier>

		<item_modifier name="modDyeTurquoise" installable_tags="clothing,armor,weapon,tool,vehicle" modifier_tags="dye" type="attachment" cosmetic_install_chance=".1">
			<property name="DescriptionKey" value="modDyeGroupDesc"/>
			<property name="Stacknumber" value="1"/>
			<property name="Group" value="Mods"/>
			<property name="DropMeshfile" value="#Other/Items?Misc/sack_droppedPrefab.prefab"/>
			<property name="CustomIcon" value="modDyeWhite"/>
			<property name="CustomIconTint" value="41,255,244"/>
			<property name="Material" value="Mpaint"/>
			<property name="Weight" value="20"/>

			<item_property_overrides name="*">
				<property name="TintColor" value="41,255,244"/>
				<property name="CustomIconTint" value="41,255,244"/>
				<property name="UMA.Overlay0Tint" value="41,255,244"/>
			</item_property_overrides>

			<item_property_overrides name="apparelTankTop">
				<property name="UMA.Overlay0Tint" value="skin"/>
				<property name="UMA.Overlay1Tint" value="41,255,244"/>
			</item_property_overrides>

			<item_property_overrides name="apparelTShirtPlain">
				<property name="UMA.Overlay0Tint" value="skin"/>
				<property name="UMA.Overlay1Tint" value="41,255,244"/>
			</item_property_overrides>

			<item_property_overrides name="apparelTShirtZU">
				<property name="UMA.Overlay0Tint" value="skin"/>
				<property name="UMA.Overlay1Tint" value="41,255,244"/>
			</item_property_overrides>

			<item_property_overrides name="apparelCoatJacketLetterZU">
				<property name="UMA.Overlay2Tint" value="41,255,244"/>
			</item_property_overrides>

			<item_property_overrides name="apparelDenimShortsPants">
				<property name="UMA.Overlay0Tint" value="skin"/>
				<property name="UMA.Overlay1Tint" value="41,255,244"/>
			</item_property_overrides>

			<item_property_overrides name="apparelSuitPants">
				<property name="UMA.Overlay0Tint" value="41,255,244"/>
			</item_property_overrides>

			<item_property_overrides name="apparelSuitJacket">
				<property name="UMA.Overlay0Tint" value="41,255,244"/>
			</item_property_overrides>

			<property name="PickupJournalEntry" value="augmentGunsTip"/>
		</item_modifier>

		<item_modifier name="modDyeGold" installable_tags="clothing,armor,weapon,tool,vehicle" modifier_tags="dye" type="attachment" cosmetic_install_chance=".1">
			<property name="DescriptionKey" value="modDyeGroupDesc"/>
			<property name="Stacknumber" value="1"/>
			<property name="Group" value="Mods"/>
			<property name="DropMeshfile" value="#Other/Items?Misc/sack_droppedPrefab.prefab"/>
			<property name="CustomIcon" value="modDyeWhite"/>
			<property name="CustomIconTint" value="255,210,59"/>
			<property name="Material" value="Mpaint"/>
			<property name="Weight" value="20"/>

			<item_property_overrides name="*">
				<property name="TintColor" value="255,210,59"/>
				<property name="CustomIconTint" value="255,210,59"/>
				<property name="UMA.Overlay0Tint" value="255,210,59"/>
			</item_property_overrides>

			<item_property_overrides name="apparelTankTop">
				<property name="UMA.Overlay0Tint" value="skin"/>
				<property name="UMA.Overlay1Tint" value="255,210,59"/>
			</item_property_overrides>

			<item_property_overrides name="apparelTShirtPlain">
				<property name="UMA.Overlay0Tint" value="skin"/>
				<property name="UMA.Overlay1Tint" value="255,210,59"/>
			</item_property_overrides>

			<item_property_overrides name="apparelTShirtZU">
				<property name="UMA.Overlay0Tint" value="skin"/>
				<property name="UMA.Overlay1Tint" value="255,210,59"/>
			</item_property_overrides>

			<item_property_overrides name="apparelCoatJacketLetterZU">
				<property name="UMA.Overlay2Tint" value="255,210,59"/>
			</item_property_overrides>

			<item_property_overrides name="apparelDenimShortsPants">
				<property name="UMA.Overlay0Tint" value="skin"/>
				<property name="UMA.Overlay1Tint" value="255,210,59"/>
			</item_property_overrides>

			<item_property_overrides name="apparelSuitPants">
				<property name="UMA.Overlay0Tint" value="255,210,59"/>
			</item_property_overrides>

			<item_property_overrides name="apparelSuitJacket">
				<property name="UMA.Overlay0Tint" value="255,210,59"/>
			</item_property_overrides>

			<property name="PickupJournalEntry" value="augmentGunsTip"/>
		</item_modifier>

		<item_modifier name="modDyeSilver" installable_tags="clothing,armor,weapon,tool,vehicle" modifier_tags="dye" type="attachment" cosmetic_install_chance=".1">
			<property name="DescriptionKey" value="modDyeGroupDesc"/>
			<property name="Stacknumber" value="1"/>
			<property name="Group" value="Mods"/>
			<property name="DropMeshfile" value="#Other/Items?Misc/sack_droppedPrefab.prefab"/>
			<property name="CustomIcon" value="modDyeWhite"/>
			<property name="CustomIconTint" value="213,245,243"/>
			<property name="Material" value="Mpaint"/>
			<property name="Weight" value="20"/>

			<item_property_overrides name="*">
				<property name="TintColor" value="165, 207, 204"/>
				<property name="CustomIconTint" value="223, 245, 243"/>
				<property name="UMA.Overlay0Tint" value="165, 207, 204"/>
			</item_property_overrides>

			<item_property_overrides name="apparelTankTop">
				<property name="UMA.Overlay0Tint" value="skin"/>
				<property name="UMA.Overlay1Tint" value="213,245,243"/>
			</item_property_overrides>

			<item_property_overrides name="apparelTShirtPlain">
				<property name="UMA.Overlay0Tint" value="skin"/>
				<property name="UMA.Overlay1Tint" value="213,245,243"/>
			</item_property_overrides>

			<item_property_overrides name="apparelTShirtZU">
				<property name="UMA.Overlay0Tint" value="skin"/>
				<property name="UMA.Overlay1Tint" value="213,245,243"/>
			</item_property_overrides>

			<item_property_overrides name="apparelCoatJacketLetterZU">
				<property name="UMA.Overlay2Tint" value="213,245,243"/>
			</item_property_overrides>

			<item_property_overrides name="apparelDenimShortsPants">
				<property name="UMA.Overlay0Tint" value="skin"/>
				<property name="UMA.Overlay1Tint" value="213,245,243"/>
			</item_property_overrides>

			<item_property_overrides name="apparelSuitPants">
				<property name="UMA.Overlay0Tint" value="213,245,243"/>
			</item_property_overrides>

			<item_property_overrides name="apparelSuitJacket">
				<property name="UMA.Overlay0Tint" value="213,245,243"/>
			</item_property_overrides>

			<property name="PickupJournalEntry" value="augmentGunsTip"/>
		</item_modifier>

		<item_modifier name="modDyeBronze" installable_tags="clothing,armor,weapon,tool,vehicle" modifier_tags="dye" type="attachment" cosmetic_install_chance=".1">
			<property name="DescriptionKey" value="modDyeGroupDesc"/>
			<property name="Stacknumber" value="1"/>
			<property name="Group" value="Mods"/>
			<property name="DropMeshfile" value="#Other/Items?Misc/sack_droppedPrefab.prefab"/>
			<property name="CustomIcon" value="modDyeWhite"/>
			<property name="CustomIconTint" value="255,157,61"/>
			<property name="Material" value="Mpaint"/>
			<property name="Weight" value="20"/>

			<item_property_overrides name="*">
				<property name="TintColor" value="255,157,61"/>
				<property name="CustomIconTint" value="255,157,61"/>
				<property name="UMA.Overlay0Tint" value="255,157,61"/>
			</item_property_overrides>

			<item_property_overrides name="apparelTankTop">
				<property name="UMA.Overlay0Tint" value="skin"/>
				<property name="UMA.Overlay1Tint" value="255,157,61"/>
			</item_property_overrides>

			<item_property_overrides name="apparelTShirtPlain">
				<property name="UMA.Overlay0Tint" value="skin"/>
				<property name="UMA.Overlay1Tint" value="255,157,61"/>
			</item_property_overrides>

			<item_property_overrides name="apparelTShirtZU">
				<property name="UMA.Overlay0Tint" value="skin"/>
				<property name="UMA.Overlay1Tint" value="255,157,61"/>
			</item_property_overrides>

			<item_property_overrides name="apparelCoatJacketLetterZU">
				<property name="UMA.Overlay2Tint" value="255,157,61"/>
			</item_property_overrides>

			<item_property_overrides name="apparelDenimShortsPants">
				<property name="UMA.Overlay0Tint" value="skin"/>
				<property name="UMA.Overlay1Tint" value="255,157,61"/>
			</item_property_overrides>

			<item_property_overrides name="apparelSuitPants">
				<property name="UMA.Overlay0Tint" value="255,157,61"/>
			</item_property_overrides>

			<item_property_overrides name="apparelSuitJacket">
				<property name="UMA.Overlay0Tint" value="255,157,61"/>
			</item_property_overrides>

			<property name="PickupJournalEntry" value="augmentGunsTip"/>
		</item_modifier>

		<item_modifier name="modDyeLime" installable_tags="clothing,armor,weapon,tool,vehicle" modifier_tags="dye" type="attachment" cosmetic_install_chance=".1">
			<property name="DescriptionKey" value="modDyeGroupDesc"/>
			<property name="Stacknumber" value="1"/>
			<property name="Group" value="Mods"/>
			<property name="DropMeshfile" value="#Other/Items?Misc/sack_droppedPrefab.prefab"/>
			<property name="CustomIcon" value="modDyeWhite"/>
			<property name="CustomIconTint" value="47,255,0"/>
			<property name="Material" value="Mpaint"/>
			<property name="Weight" value="20"/>

			<item_property_overrides name="*">
				<property name="TintColor" value="47,255,0"/>
				<property name="CustomIconTint" value="47,255,0"/>
				<property name="UMA.Overlay0Tint" value="47,255,0"/>
			</item_property_overrides>

			<item_property_overrides name="apparelTankTop">
				<property name="UMA.Overlay0Tint" value="skin"/>
				<property name="UMA.Overlay1Tint" value="47,255,0"/>
			</item_property_overrides>

			<item_property_overrides name="apparelTShirtPlain">
				<property name="UMA.Overlay0Tint" value="skin"/>
				<property name="UMA.Overlay1Tint" value="47,255,0"/>
			</item_property_overrides>

			<item_property_overrides name="apparelTShirtZU">
				<property name="UMA.Overlay0Tint" value="skin"/>
				<property name="UMA.Overlay1Tint" value="47,255,0"/>
			</item_property_overrides>

			<item_property_overrides name="apparelCoatJacketLetterZU">
				<property name="UMA.Overlay2Tint" value="47,255,0"/>
			</item_property_overrides>

			<item_property_overrides name="apparelDenimShortsPants">
				<property name="UMA.Overlay0Tint" value="skin"/>
				<property name="UMA.Overlay1Tint" value="47,255,0"/>
			</item_property_overrides>

			<item_property_overrides name="apparelSuitPants">
				<property name="UMA.Overlay0Tint" value="47,255,0"/>
			</item_property_overrides>

			<item_property_overrides name="apparelSuitJacket">
				<property name="UMA.Overlay0Tint" value="47,255,0"/>
			</item_property_overrides>

			<property name="PickupJournalEntry" value="augmentGunsTip"/>
		</item_modifier>

		<item_modifier name="modDyeCandyPink" installable_tags="clothing,armor,weapon,tool,vehicle" modifier_tags="dye" type="attachment" cosmetic_install_chance=".1">
			<property name="DescriptionKey" value="modDyeGroupDesc"/>
			<property name="Stacknumber" value="1"/>
			<property name="Group" value="Mods"/>
			<property name="DropMeshfile" value="#Other/Items?Misc/sack_droppedPrefab.prefab"/>
			<property name="CustomIcon" value="modDyeWhite"/>
			<property name="CustomIconTint" value="255,0,221"/>
			<property name="Material" value="Mpaint"/>
			<property name="Weight" value="20"/>

			<item_property_overrides name="*">
				<property name="TintColor" value="255,0,221"/>
				<property name="CustomIconTint" value="255,0,221"/>
				<property name="UMA.Overlay0Tint" value="255,0,221"/>
			</item_property_overrides>

			<item_property_overrides name="apparelTankTop">
				<property name="UMA.Overlay0Tint" value="skin"/>
				<property name="UMA.Overlay1Tint" value="255,0,221"/>
			</item_property_overrides>

			<item_property_overrides name="apparelTShirtPlain">
				<property name="UMA.Overlay0Tint" value="skin"/>
				<property name="UMA.Overlay1Tint" value="255,0,221"/>
			</item_property_overrides>

			<item_property_overrides name="apparelTShirtZU">
				<property name="UMA.Overlay0Tint" value="skin"/>
				<property name="UMA.Overlay1Tint" value="255,0,221"/>
			</item_property_overrides>

			<item_property_overrides name="apparelCoatJacketLetterZU">
				<property name="UMA.Overlay2Tint" value="255,0,221"/>
			</item_property_overrides>

			<item_property_overrides name="apparelDenimShortsPants">
				<property name="UMA.Overlay0Tint" value="skin"/>
				<property name="UMA.Overlay1Tint" value="255,0,221"/>
			</item_property_overrides>

			<item_property_overrides name="apparelSuitPants">
				<property name="UMA.Overlay0Tint" value="255,0,221"/>
			</item_property_overrides>

			<item_property_overrides name="apparelSuitJacket">
				<property name="UMA.Overlay0Tint" value="255,0,221"/>
			</item_property_overrides>

			<property name="PickupJournalEntry" value="augmentGunsTip"/>
		</item_modifier>

		<item_modifier name="modDyeOrange" installable_tags="clothing,armor,weapon,tool,vehicle" modifier_tags="dye" type="attachment" cosmetic_install_chance=".1">
			<property name="DescriptionKey" value="modDyeGroupDesc"/>
			<property name="Stacknumber" value="1"/>
			<property name="Group" value="Mods"/>
			<property name="DropMeshfile" value="#Other/Items?Misc/sack_droppedPrefab.prefab"/>
			<property name="CustomIcon" value="modDyeWhite"/>
			<property name="CustomIconTint" value="255,89,0"/>
			<property name="Material" value="Mpaint"/>
			<property name="Weight" value="20"/>

			<item_property_overrides name="*">
				<property name="TintColor" value="255,89,0"/>
				<property name="CustomIconTint" value="255,89,0"/>
				<property name="UMA.Overlay0Tint" value="255,89,0"/>
			</item_property_overrides>

			<item_property_overrides name="apparelTankTop">
				<property name="UMA.Overlay0Tint" value="skin"/>
				<property name="UMA.Overlay1Tint" value="255,89,0"/>
			</item_property_overrides>

			<item_property_overrides name="apparelTShirtPlain">
				<property name="UMA.Overlay0Tint" value="skin"/>
				<property name="UMA.Overlay1Tint" value="255,89,0"/>
			</item_property_overrides>

			<item_property_overrides name="apparelTShirtZU">
				<property name="UMA.Overlay0Tint" value="skin"/>
				<property name="UMA.Overlay1Tint" value="255,89,0"/>
			</item_property_overrides>

			<item_property_overrides name="apparelCoatJacketLetterZU">
				<property name="UMA.Overlay2Tint" value="255,89,0"/>
			</item_property_overrides>

			<item_property_overrides name="apparelDenimShortsPants">
				<property name="UMA.Overlay0Tint" value="skin"/>
				<property name="UMA.Overlay1Tint" value="255,89,0"/>
			</item_property_overrides>

			<item_property_overrides name="apparelSuitPants">
				<property name="UMA.Overlay0Tint" value="255,89,0"/>
			</item_property_overrides>

			<item_property_overrides name="apparelSuitJacket">
				<property name="UMA.Overlay0Tint" value="255,89,0"/>
			</item_property_overrides>

			<property name="PickupJournalEntry" value="augmentGunsTip"/>
		</item_modifier>

		<item_modifier name="modDyeBeige" installable_tags="clothing,armor,weapon,tool,vehicle" modifier_tags="dye" type="attachment" rarity="0.2" cosmetic_install_chance="1">
			<property name="DescriptionKey" value="modDyeGroupDesc"/>
			<property name="Stacknumber" value="1"/>
			<property name="DropMeshfile" value="#Other/Items?Misc/sack_droppedPrefab.prefab"/>
			<property name="CustomIcon" value="modDyeWhite"/>
			<property name="CustomIconTint" value="245,245,220"/>
		<property name="Material" value="Mpaint"/>
			<property name="Weight" value="20"/>

			<item_property_overrides name="*">
				<property name="TintColor" value="245,245,220"/>
				<property name="CustomIconTint" value="245,245,220"/>
				<property name="UMA.Overlay0Tint" value="245,245,220"/>
			</item_property_overrides>

			<item_property_overrides name="apparelTankTop">
				<property name="UMA.Overlay0Tint" value="skin"/>
				<property name="UMA.Overlay1Tint" value="245,245,220"/>
			</item_property_overrides>

			<item_property_overrides name="apparelTShirtPlain">
				<property name="UMA.Overlay0Tint" value="skin"/>
				<property name="UMA.Overlay1Tint" value="245,245,220"/>
			</item_property_overrides>

			<item_property_overrides name="apparelTShirtZU">
				<property name="UMA.Overlay0Tint" value="skin"/>
				<property name="UMA.Overlay1Tint" value="245,245,220"/>
			</item_property_overrides>

			<item_property_overrides name="apparelCoatJacketLetterZU">
				<property name="UMA.Overlay0Tint" value="245,245,220"/>
			</item_property_overrides>

			<item_property_overrides name="apparelDenimShortsPants">
				<property name="UMA.Overlay0Tint" value="skin"/>
				<property name="UMA.Overlay1Tint" value="245,245,220"/>
			</item_property_overrides>

			<item_property_overrides name="apparelSuitDressShoes">
				<property name="CustomIconTint" value="245,245,220"/>
				<property name="UMA.Overlay0Tint" value="245,245,220"/>
			</item_property_overrides>


			<item_property_overrides name="apparelFlannelShirt">
				<property name="UMA.Overlay0Tint" value="245,245,220"/>
			</item_property_overrides>

			<item_property_overrides name="apparelSuitPants">
				<property name="UMA.Overlay0Tint" value="245,245,220"/>
			</item_property_overrides>

			<item_property_overrides name="apparelSuitJacket">
				<property name="UMA.Overlay0Tint" value="245,245,220"/>
			</item_property_overrides>

			<item_property_overrides name="apparelCoatPufferCoat">
				<property name="CustomIconTint" value="245,245,220"/>
				<property name="UMA.Overlay0Tint" value="245,245,220"/>
			</item_property_overrides>

			<item_property_overrides name="apparelCoatJacketGeneric">
				<property name="CustomIconTint" value="245,245,220"/>
				<property name="UMA.Overlay0Tint" value="245,245,220"/>
			</item_property_overrides>

			<item_property_overrides name="apparelCowboyBoots">
				<property name="UMA.Overlay0Tint" value="245,245,220"/>
			</item_property_overrides>

			<item_property_overrides name="apparelCoatLeatherDuster">
				<property name="UMA.Overlay0Tint" value="245,245,220"/>
			</item_property_overrides>
			<property name="PickupJournalEntry" value="augmentGunsTip"/>
		</item_modifier>

		<item_modifier name="modDyeTan" installable_tags="clothing,armor,weapon,tool,vehicle" modifier_tags="dye" type="attachment" rarity="0.2" cosmetic_install_chance="1">
			<property name="DescriptionKey" value="modDyeGroupDesc"/>
			<property name="Stacknumber" value="1"/>
			<property name="DropMeshfile" value="#Other/Items?Misc/sack_droppedPrefab.prefab"/>
			<property name="CustomIcon" value="modDyeWhite"/>
			<property name="CustomIconTint" value="210,180,140"/>
			<property name="Material" value="Mpaint"/>
		<property name="Weight" value="20"/>
			
			<item_property_overrides name="*">
				<property name="TintColor" value="210,180,140"/>
				<property name="CustomIconTint" value="210,180,140"/>
				<property name="UMA.Overlay0Tint" value="210,180,140"/>
			</item_property_overrides>

			<item_property_overrides name="apparelTankTop">
				<property name="UMA.Overlay0Tint" value="skin"/>
				<property name="UMA.Overlay1Tint" value="210,180,140"/>
			</item_property_overrides>

			<item_property_overrides name="apparelTShirtPlain">
				<property name="UMA.Overlay0Tint" value="skin"/>
				<property name="UMA.Overlay1Tint" value="210,180,140"/>
			</item_property_overrides>

			<item_property_overrides name="apparelTShirtZU">
				<property name="UMA.Overlay0Tint" value="skin"/>
				<property name="UMA.Overlay1Tint" value="210,180,140"/>
			</item_property_overrides>

			<item_property_overrides name="apparelCoatJacketLetterZU">
				<property name="UMA.Overlay0Tint" value="210,180,140"/>
			</item_property_overrides>

			<item_property_overrides name="apparelDenimShortsPants">
				<property name="UMA.Overlay0Tint" value="skin"/>
				<property name="UMA.Overlay1Tint" value="210,180,140"/>
			</item_property_overrides>

			<item_property_overrides name="apparelSuitDressShoes">
				<property name="CustomIconTint" value="210,180,140"/>
				<property name="UMA.Overlay0Tint" value="210,180,140"/>
			</item_property_overrides>


			<item_property_overrides name="apparelFlannelShirt">
				<property name="UMA.Overlay0Tint" value="210,180,140"/>
			</item_property_overrides>

			<item_property_overrides name="apparelSuitPants">
				<property name="UMA.Overlay0Tint" value="210,180,140"/>
			</item_property_overrides>

			<item_property_overrides name="apparelSuitJacket">
				<property name="UMA.Overlay0Tint" value="210,180,140"/>
			</item_property_overrides>

			<item_property_overrides name="apparelCoatPufferCoat">
				<property name="CustomIconTint" value="210,180,140"/>
				<property name="UMA.Overlay0Tint" value="210,180,140"/>
			</item_property_overrides>

			<item_property_overrides name="apparelCoatJacketGeneric">
				<property name="CustomIconTint" value="210,180,140"/>
				<property name="UMA.Overlay0Tint" value="210,180,140"/>
			</item_property_overrides>

			<item_property_overrides name="apparelCowboyBoots">
				<property name="UMA.Overlay0Tint" value="210,180,140"/>
			</item_property_overrides>

			<item_property_overrides name="apparelCoatLeatherDuster">
				<property name="UMA.Overlay0Tint" value="210,180,140"/>
			</item_property_overrides>
			<property name="PickupJournalEntry" value="augmentGunsTip"/>
		</item_modifier>

		<item_modifier name="modDyeGray" installable_tags="clothing,armor,weapon,tool,vehicle" modifier_tags="dye" type="attachment" rarity="0.2" cosmetic_install_chance="1">
			<property name="DescriptionKey" value="modDyeGroupDesc"/>
			<property name="Stacknumber" value="1"/>
			<property name="DropMeshfile" value="#Other/Items?Misc/sack_droppedPrefab.prefab"/>
			<property name="CustomIcon" value="modDyeWhite"/>
			<property name="CustomIconTint" value="128,128,128"/>
			<property name="Material" value="Mpaint"/>
		<property name="Weight" value="20"/>
			
			<item_property_overrides name="*">
				<property name="TintColor" value="128,128,128"/>
				<property name="CustomIconTint" value="128,128,128"/>
				<property name="UMA.Overlay0Tint" value="128,128,128"/>
			</item_property_overrides>

			<item_property_overrides name="apparelTankTop">
				<property name="UMA.Overlay0Tint" value="skin"/>
				<property name="UMA.Overlay1Tint" value="128,128,128"/>
			</item_property_overrides>

			<item_property_overrides name="apparelTShirtPlain">
				<property name="UMA.Overlay0Tint" value="skin"/>
				<property name="UMA.Overlay1Tint" value="128,128,128"/>
			</item_property_overrides>

			<item_property_overrides name="apparelTShirtZU">
				<property name="UMA.Overlay0Tint" value="skin"/>
				<property name="UMA.Overlay1Tint" value="128,128,128"/>
			</item_property_overrides>

			<item_property_overrides name="apparelCoatJacketLetterZU">
				<property name="UMA.Overlay0Tint" value="128,128,128"/>
			</item_property_overrides>

			<item_property_overrides name="apparelDenimShortsPants">
				<property name="UMA.Overlay0Tint" value="skin"/>
				<property name="UMA.Overlay1Tint" value="128,128,128"/>
			</item_property_overrides>

			<item_property_overrides name="apparelSuitDressShoes">
				<property name="CustomIconTint" value="128,128,128"/>
				<property name="UMA.Overlay0Tint" value="128,128,128"/>
			</item_property_overrides>


			<item_property_overrides name="apparelFlannelShirt">
				<property name="UMA.Overlay0Tint" value="128,128,128"/>
			</item_property_overrides>

			<item_property_overrides name="apparelSuitPants">
				<property name="UMA.Overlay0Tint" value="128,128,128"/>
			</item_property_overrides>

			<item_property_overrides name="apparelSuitJacket">
				<property name="UMA.Overlay0Tint" value="128,128,128"/>
			</item_property_overrides>

			<item_property_overrides name="apparelCoatPufferCoat">
				<property name="CustomIconTint" value="128,128,128"/>
				<property name="UMA.Overlay0Tint" value="128,128,128"/>
			</item_property_overrides>

			<item_property_overrides name="apparelCoatJacketGeneric">
				<property name="CustomIconTint" value="128,128,128"/>
				<property name="UMA.Overlay0Tint" value="128,128,128"/>
			</item_property_overrides>

			<item_property_overrides name="apparelCowboyBoots">
				<property name="UMA.Overlay0Tint" value="128,128,128"/>
			</item_property_overrides>

			<item_property_overrides name="apparelCoatLeatherDuster">
				<property name="UMA.Overlay0Tint" value="128,128,128"/>
			</item_property_overrides>
			<property name="PickupJournalEntry" value="augmentGunsTip"/>

		</item_modifier>

		<item_modifier name="modDyeCharcoal" installable_tags="clothing,armor,weapon,tool,vehicle" modifier_tags="dye" type="attachment" rarity="0.2" cosmetic_install_chance="1">
			<property name="DescriptionKey" value="modDyeGroupDesc"/>
			<property name="Stacknumber" value="1"/>
			<property name="DropMeshfile" value="#Other/Items?Misc/sack_droppedPrefab.prefab"/>
			<property name="CustomIcon" value="modDyeWhite"/>
			<property name="CustomIconTint" value="70,70,70"/>
		<property name="Material" value="Mpaint"/>
			<property name="Weight" value="20"/>
			
			<item_property_overrides name="*">
				<property name="TintColor" value="70,70,70"/>
				<property name="CustomIconTint" value="70,70,70"/>
				<property name="UMA.Overlay0Tint" value="70,70,70"/>
			</item_property_overrides>

			<item_property_overrides name="apparelTankTop">
				<property name="UMA.Overlay0Tint" value="skin"/>
				<property name="UMA.Overlay1Tint" value="70,70,70"/>
			</item_property_overrides>

			<item_property_overrides name="apparelTShirtPlain">
				<property name="UMA.Overlay0Tint" value="skin"/>
				<property name="UMA.Overlay1Tint" value="70,70,70"/>
			</item_property_overrides>

			<item_property_overrides name="apparelTShirtZU">
				<property name="UMA.Overlay0Tint" value="skin"/>
				<property name="UMA.Overlay1Tint" value="70,70,70"/>
			</item_property_overrides>

			<item_property_overrides name="apparelCoatJacketLetterZU">
				<property name="UMA.Overlay0Tint" value="70,70,70"/>
			</item_property_overrides>

			<item_property_overrides name="apparelDenimShortsPants">
				<property name="UMA.Overlay0Tint" value="skin"/>
				<property name="UMA.Overlay1Tint" value="70,70,70"/>
			</item_property_overrides>

			<item_property_overrides name="apparelSuitDressShoes">
				<property name="CustomIconTint" value="70,70,70"/>
				<property name="UMA.Overlay0Tint" value="70,70,70"/>
			</item_property_overrides>


			<item_property_overrides name="apparelFlannelShirt">
				<property name="UMA.Overlay0Tint" value="70,70,70"/>
			</item_property_overrides>

			<item_property_overrides name="apparelSuitPants">
				<property name="UMA.Overlay0Tint" value="70,70,70"/>
			</item_property_overrides>

			<item_property_overrides name="apparelSuitJacket">
				<property name="UMA.Overlay0Tint" value="70,70,70"/>
			</item_property_overrides>

			<item_property_overrides name="apparelCoatPufferCoat">
				<property name="CustomIconTint" value="70,70,70"/>
				<property name="UMA.Overlay0Tint" value="70,70,70"/>
			</item_property_overrides>

			<item_property_overrides name="apparelCoatJacketGeneric">
				<property name="CustomIconTint" value="70,70,70"/>
				<property name="UMA.Overlay0Tint" value="70,70,70"/>
			</item_property_overrides>

			<item_property_overrides name="apparelCowboyBoots">
				<property name="UMA.Overlay0Tint" value="70,70,70"/>
			</item_property_overrides>

			<item_property_overrides name="apparelCoatLeatherDuster">
				<property name="UMA.Overlay0Tint" value="70,70,70"/>
			</item_property_overrides>
			<property name="PickupJournalEntry" value="augmentGunsTip"/>
		</item_modifier>

		<item_modifier name="modDyeNavyBlue" installable_tags="clothing,armor,weapon,tool,vehicle" modifier_tags="dye" type="attachment" rarity="0.2" cosmetic_install_chance="1">
			<property name="DescriptionKey" value="modDyeGroupDesc"/>
			<property name="Stacknumber" value="1"/>
			<property name="DropMeshfile" value="#Other/Items?Misc/sack_droppedPrefab.prefab"/>
			<property name="CustomIcon" value="modDyeWhite"/>
			<property name="CustomIconTint" value="0,0,128"/>
			<property name="Material" value="Mpaint"/>
		<property name="Weight" value="20"/>
			
			<item_property_overrides name="*">
				<property name="TintColor" value="0,0,128"/>
				<property name="CustomIconTint" value="0,0,128"/>
				<property name="UMA.Overlay0Tint" value="0,0,128"/>
			</item_property_overrides>

			<item_property_overrides name="apparelTankTop">
				<property name="UMA.Overlay0Tint" value="skin"/>
				<property name="UMA.Overlay1Tint" value="0,0,128"/>
			</item_property_overrides>

			<item_property_overrides name="apparelTShirtPlain">
				<property name="UMA.Overlay0Tint" value="skin"/>
				<property name="UMA.Overlay1Tint" value="0,0,128"/>
			</item_property_overrides>

			<item_property_overrides name="apparelTShirtZU">
				<property name="UMA.Overlay0Tint" value="skin"/>
				<property name="UMA.Overlay1Tint" value="0,0,128"/>
			</item_property_overrides>

			<item_property_overrides name="apparelCoatJacketLetterZU">
				<property name="UMA.Overlay0Tint" value="0,0,128"/>
			</item_property_overrides>

			<item_property_overrides name="apparelDenimShortsPants">
				<property name="UMA.Overlay0Tint" value="skin"/>
				<property name="UMA.Overlay1Tint" value="0,0,128"/>
			</item_property_overrides>

			<item_property_overrides name="apparelSuitDressShoes">
				<property name="CustomIconTint" value="0,0,128"/>
				<property name="UMA.Overlay0Tint" value="0,0,128"/>
			</item_property_overrides>


			<item_property_overrides name="apparelFlannelShirt">
				<property name="UMA.Overlay0Tint" value="0,0,128"/>
			</item_property_overrides>

			<item_property_overrides name="apparelSuitPants">
				<property name="UMA.Overlay0Tint" value="0,0,128"/>
			</item_property_overrides>

			<item_property_overrides name="apparelSuitJacket">
				<property name="UMA.Overlay0Tint" value="0,0,128"/>
			</item_property_overrides>

			<item_property_overrides name="apparelCoatPufferCoat">
				<property name="CustomIconTint" value="0,0,128"/>
				<property name="UMA.Overlay0Tint" value="0,0,128"/>
			</item_property_overrides>

			<item_property_overrides name="apparelCoatJacketGeneric">
				<property name="CustomIconTint" value="0,0,128"/>
				<property name="UMA.Overlay0Tint" value="0,0,128"/>
			</item_property_overrides>

			<item_property_overrides name="apparelCowboyBoots">
				<property name="UMA.Overlay0Tint" value="0,0,128"/>
			</item_property_overrides>

			<item_property_overrides name="apparelCoatLeatherDuster">
				<property name="UMA.Overlay0Tint" value="0,0,128"/>
			</item_property_overrides>
			<property name="PickupJournalEntry" value="augmentGunsTip"/>
		</item_modifier>

		<item_modifier name="modDyeRoyalBlue" installable_tags="clothing,armor,weapon,tool,vehicle" modifier_tags="dye" type="attachment" rarity="0.2" cosmetic_install_chance="1">
			<property name="DescriptionKey" value="modDyeGroupDesc"/>
			<property name="Stacknumber" value="1"/>
			<property name="DropMeshfile" value="#Other/Items?Misc/sack_droppedPrefab.prefab"/>
			<property name="CustomIcon" value="modDyeWhite"/>
			<property name="CustomIconTint" value="8,76,158"/>
			<property name="Material" value="Mpaint"/>
		<property name="Weight" value="20"/>
			
			<item_property_overrides name="*">
				<property name="TintColor" value="8,76,158"/>
				<property name="CustomIconTint" value="8,76,158"/>
				<property name="UMA.Overlay0Tint" value="8,76,158"/>
			</item_property_overrides>

			<item_property_overrides name="apparelTankTop">
				<property name="UMA.Overlay0Tint" value="skin"/>
				<property name="UMA.Overlay1Tint" value="8,76,158"/>
			</item_property_overrides>

			<item_property_overrides name="apparelTShirtPlain">
				<property name="UMA.Overlay0Tint" value="skin"/>
				<property name="UMA.Overlay1Tint" value="8,76,158"/>
			</item_property_overrides>

			<item_property_overrides name="apparelTShirtZU">
				<property name="UMA.Overlay0Tint" value="skin"/>
				<property name="UMA.Overlay1Tint" value="8,76,158"/>
			</item_property_overrides>

			<item_property_overrides name="apparelCoatJacketLetterZU">
				<property name="UMA.Overlay0Tint" value="8,76,158"/>
			</item_property_overrides>

			<item_property_overrides name="apparelDenimShortsPants">
				<property name="UMA.Overlay0Tint" value="skin"/>
				<property name="UMA.Overlay1Tint" value="8,76,158"/>
			</item_property_overrides>

			<item_property_overrides name="apparelSuitDressShoes">
				<property name="CustomIconTint" value="8,76,158"/>
				<property name="UMA.Overlay0Tint" value="8,76,158"/>
			</item_property_overrides>


			<item_property_overrides name="apparelFlannelShirt">
				<property name="UMA.Overlay0Tint" value="8,76,158"/>
			</item_property_overrides>

			<item_property_overrides name="apparelSuitPants">
				<property name="UMA.Overlay0Tint" value="8,76,158"/>
			</item_property_overrides>

			<item_property_overrides name="apparelSuitJacket">
				<property name="UMA.Overlay0Tint" value="8,76,158"/>
			</item_property_overrides>

			<item_property_overrides name="apparelCoatPufferCoat">
				<property name="CustomIconTint" value="8,76,158"/>
				<property name="UMA.Overlay0Tint" value="8,76,158"/>
			</item_property_overrides>

			<item_property_overrides name="apparelCoatJacketGeneric">
				<property name="CustomIconTint" value="8,76,158"/>
				<property name="UMA.Overlay0Tint" value="8,76,158"/>
			</item_property_overrides>

			<item_property_overrides name="apparelCowboyBoots">
				<property name="UMA.Overlay0Tint" value="8,76,158"/>
			</item_property_overrides>

			<item_property_overrides name="apparelCoatLeatherDuster">
				<property name="UMA.Overlay0Tint" value="8,76,158"/>
			</item_property_overrides>
			<property name="PickupJournalEntry" value="augmentGunsTip"/>
		</item_modifier>

		<item_modifier name="modDyeAzure" installable_tags="clothing,armor,weapon,tool,vehicle" modifier_tags="dye" type="attachment" rarity="0.2" cosmetic_install_chance="1">
			<property name="DescriptionKey" value="modDyeGroupDesc"/>
			<property name="Stacknumber" value="1"/>
			<property name="DropMeshfile" value="#Other/Items?Misc/sack_droppedPrefab.prefab"/>
			<property name="CustomIcon" value="modDyeWhite"/>
			<property name="CustomIconTint" value="0,127,255"/>
		<property name="Material" value="Mpaint"/>
			<property name="Weight" value="20"/>
			
			<item_property_overrides name="*">
				<property name="TintColor" value="0,127,255"/>
				<property name="CustomIconTint" value="0,127,255"/>
				<property name="UMA.Overlay0Tint" value="0,127,255"/>
			</item_property_overrides>

			<item_property_overrides name="apparelTankTop">
				<property name="UMA.Overlay0Tint" value="skin"/>
				<property name="UMA.Overlay1Tint" value="0,127,255"/>
			</item_property_overrides>

			<item_property_overrides name="apparelTShirtPlain">
				<property name="UMA.Overlay0Tint" value="skin"/>
				<property name="UMA.Overlay1Tint" value="0,127,255"/>
			</item_property_overrides>

			<item_property_overrides name="apparelTShirtZU">
				<property name="UMA.Overlay0Tint" value="skin"/>
				<property name="UMA.Overlay1Tint" value="0,127,255"/>
			</item_property_overrides>

			<item_property_overrides name="apparelCoatJacketLetterZU">
				<property name="UMA.Overlay0Tint" value="0,127,255"/>
			</item_property_overrides>

			<item_property_overrides name="apparelDenimShortsPants">
				<property name="UMA.Overlay0Tint" value="skin"/>
				<property name="UMA.Overlay1Tint" value="0,127,255"/>
			</item_property_overrides>

			<item_property_overrides name="apparelSuitDressShoes">
				<property name="CustomIconTint" value="0,127,255"/>
				<property name="UMA.Overlay0Tint" value="0,127,255"/>
			</item_property_overrides>


			<item_property_overrides name="apparelFlannelShirt">
				<property name="UMA.Overlay0Tint" value="0,127,255"/>
			</item_property_overrides>

			<item_property_overrides name="apparelSuitPants">
				<property name="UMA.Overlay0Tint" value="0,127,255"/>
			</item_property_overrides>

			<item_property_overrides name="apparelSuitJacket">
				<property name="UMA.Overlay0Tint" value="0,127,255"/>
			</item_property_overrides>

			<item_property_overrides name="apparelCoatPufferCoat">
				<property name="CustomIconTint" value="0,127,255"/>
				<property name="UMA.Overlay0Tint" value="0,127,255"/>
			</item_property_overrides>

			<item_property_overrides name="apparelCoatJacketGeneric">
				<property name="CustomIconTint" value="0,127,255"/>
				<property name="UMA.Overlay0Tint" value="0,127,255"/>
			</item_property_overrides>

			<item_property_overrides name="apparelCowboyBoots">
				<property name="UMA.Overlay0Tint" value="0,127,255"/>
			</item_property_overrides>

			<item_property_overrides name="apparelCoatLeatherDuster">
				<property name="UMA.Overlay0Tint" value="0,127,255"/>
			</item_property_overrides>
			<property name="PickupJournalEntry" value="augmentGunsTip"/>
		</item_modifier>

		<item_modifier name="modDyeCyan" installable_tags="clothing,armor,weapon,tool,vehicle" modifier_tags="dye" type="attachment" rarity="0.2" cosmetic_install_chance="1">
			<property name="DescriptionKey" value="modDyeGroupDesc"/>
			<property name="Stacknumber" value="1"/>
			<property name="DropMeshfile" value="#Other/Items?Misc/sack_droppedPrefab.prefab"/>
			<property name="CustomIcon" value="modDyeWhite"/>
			<property name="CustomIconTint" value="0,255,255"/>
			<property name="Material" value="Mpaint"/>
		<property name="Weight" value="20"/>
			
			<item_property_overrides name="*">
				<property name="TintColor" value="0,255,255"/>
				<property name="CustomIconTint" value="0,255,255"/>
				<property name="UMA.Overlay0Tint" value="0,255,255"/>
			</item_property_overrides>

			<item_property_overrides name="apparelTankTop">
				<property name="UMA.Overlay0Tint" value="skin"/>
				<property name="UMA.Overlay1Tint" value="0,255,255"/>
			</item_property_overrides>

			<item_property_overrides name="apparelTShirtPlain">
				<property name="UMA.Overlay0Tint" value="skin"/>
				<property name="UMA.Overlay1Tint" value="0,255,255"/>
			</item_property_overrides>

			<item_property_overrides name="apparelTShirtZU">
				<property name="UMA.Overlay0Tint" value="skin"/>
				<property name="UMA.Overlay1Tint" value="0,255,255"/>
			</item_property_overrides>

			<item_property_overrides name="apparelCoatJacketLetterZU">
				<property name="UMA.Overlay0Tint" value="0,255,255"/>
			</item_property_overrides>

			<item_property_overrides name="apparelDenimShortsPants">
				<property name="UMA.Overlay0Tint" value="skin"/>
				<property name="UMA.Overlay1Tint" value="0,255,255"/>
			</item_property_overrides>

			<item_property_overrides name="apparelSuitDressShoes">
				<property name="CustomIconTint" value="0,255,255"/>
				<property name="UMA.Overlay0Tint" value="0,255,255"/>
			</item_property_overrides>


			<item_property_overrides name="apparelFlannelShirt">
				<property name="UMA.Overlay0Tint" value="0,255,255"/>
			</item_property_overrides>

			<item_property_overrides name="apparelSuitPants">
				<property name="UMA.Overlay0Tint" value="0,255,255"/>
			</item_property_overrides>

			<item_property_overrides name="apparelSuitJacket">
				<property name="UMA.Overlay0Tint" value="0,255,255"/>
			</item_property_overrides>

			<item_property_overrides name="apparelCoatPufferCoat">
				<property name="CustomIconTint" value="0,255,255"/>
				<property name="UMA.Overlay0Tint" value="0,255,255"/>
			</item_property_overrides>

			<item_property_overrides name="apparelCoatJacketGeneric">
				<property name="CustomIconTint" value="0,255,255"/>
				<property name="UMA.Overlay0Tint" value="0,255,255"/>
			</item_property_overrides>

			<item_property_overrides name="apparelCowboyBoots">
				<property name="UMA.Overlay0Tint" value="0,255,255"/>
			</item_property_overrides>

			<item_property_overrides name="apparelCoatLeatherDuster">
				<property name="UMA.Overlay0Tint" value="0,255,255"/>
			</item_property_overrides>
			<property name="PickupJournalEntry" value="augmentGunsTip"/>	
		</item_modifier>

		<item_modifier name="modDyeAquamarine" installable_tags="clothing,armor,weapon,tool,vehicle" modifier_tags="dye" type="attachment" rarity="0.2" cosmetic_install_chance="1">
			<property name="DescriptionKey" value="modDyeGroupDesc"/>
			<property name="Stacknumber" value="1"/>
			<property name="DropMeshfile" value="#Other/Items?Misc/sack_droppedPrefab.prefab"/>
			<property name="CustomIcon" value="modDyeWhite"/>
			<property name="CustomIconTint" value="127,255,212"/>
		<property name="Material" value="Mpaint"/>
			<property name="Weight" value="20"/>
			
			<item_property_overrides name="*">
				<property name="TintColor" value="127,255,212"/>
				<property name="CustomIconTint" value="127,255,212"/>
				<property name="UMA.Overlay0Tint" value="127,255,212"/>
			</item_property_overrides>

			<item_property_overrides name="apparelTankTop">
				<property name="UMA.Overlay0Tint" value="skin"/>
				<property name="UMA.Overlay1Tint" value="127,255,212"/>
			</item_property_overrides>

			<item_property_overrides name="apparelTShirtPlain">
				<property name="UMA.Overlay0Tint" value="skin"/>
				<property name="UMA.Overlay1Tint" value="127,255,212"/>
			</item_property_overrides>

			<item_property_overrides name="apparelTShirtZU">
				<property name="UMA.Overlay0Tint" value="skin"/>
				<property name="UMA.Overlay1Tint" value="127,255,212"/>
			</item_property_overrides>

			<item_property_overrides name="apparelCoatJacketLetterZU">
				<property name="UMA.Overlay0Tint" value="127,255,212"/>
			</item_property_overrides>

			<item_property_overrides name="apparelDenimShortsPants">
				<property name="UMA.Overlay0Tint" value="skin"/>
				<property name="UMA.Overlay1Tint" value="127,255,212"/>
			</item_property_overrides>

			<item_property_overrides name="apparelSuitDressShoes">
				<property name="CustomIconTint" value="127,255,212"/>
				<property name="UMA.Overlay0Tint" value="127,255,212"/>
			</item_property_overrides>


			<item_property_overrides name="apparelFlannelShirt">
				<property name="UMA.Overlay0Tint" value="127,255,212"/>
			</item_property_overrides>

			<item_property_overrides name="apparelSuitPants">
				<property name="UMA.Overlay0Tint" value="127,255,212"/>
			</item_property_overrides>

			<item_property_overrides name="apparelSuitJacket">
				<property name="UMA.Overlay0Tint" value="127,255,212"/>
			</item_property_overrides>

			<item_property_overrides name="apparelCoatPufferCoat">
				<property name="CustomIconTint" value="127,255,212"/>
				<property name="UMA.Overlay0Tint" value="127,255,212"/>
			</item_property_overrides>

			<item_property_overrides name="apparelCoatJacketGeneric">
				<property name="CustomIconTint" value="127,255,212"/>
				<property name="UMA.Overlay0Tint" value="127,255,212"/>
			</item_property_overrides>

			<item_property_overrides name="apparelCowboyBoots">
				<property name="UMA.Overlay0Tint" value="127,255,212"/>
			</item_property_overrides>

			<item_property_overrides name="apparelCoatLeatherDuster">
				<property name="UMA.Overlay0Tint" value="127,255,212"/>
			</item_property_overrides>
			<property name="PickupJournalEntry" value="augmentGunsTip"/>	
		</item_modifier>

		<item_modifier name="modDyeTeal" installable_tags="clothing,armor,weapon,tool,vehicle" modifier_tags="dye" type="attachment" rarity="0.2" cosmetic_install_chance="1">
			<property name="DescriptionKey" value="modDyeGroupDesc"/>
			<property name="Stacknumber" value="1"/>
			<property name="DropMeshfile" value="#Other/Items?Misc/sack_droppedPrefab.prefab"/>
			<property name="CustomIcon" value="modDyeWhite"/>
			<property name="CustomIconTint" value="0,128,128"/>
		<property name="Material" value="Mpaint"/>
			<property name="Weight" value="20"/>
			
			<item_property_overrides name="*">
				<property name="TintColor" value="0,128,128"/>
				<property name="CustomIconTint" value="0,128,128"/>
				<property name="UMA.Overlay0Tint" value="0,128,128"/>
			</item_property_overrides>

			<item_property_overrides name="apparelTankTop">
				<property name="UMA.Overlay0Tint" value="skin"/>
				<property name="UMA.Overlay1Tint" value="0,128,128"/>
			</item_property_overrides>

			<item_property_overrides name="apparelTShirtPlain">
				<property name="UMA.Overlay0Tint" value="skin"/>
				<property name="UMA.Overlay1Tint" value="0,128,128"/>
			</item_property_overrides>

			<item_property_overrides name="apparelTShirtZU">
				<property name="UMA.Overlay0Tint" value="skin"/>
				<property name="UMA.Overlay1Tint" value="0,128,128"/>
			</item_property_overrides>

			<item_property_overrides name="apparelCoatJacketLetterZU">
				<property name="UMA.Overlay0Tint" value="0,128,128"/>
			</item_property_overrides>

			<item_property_overrides name="apparelDenimShortsPants">
				<property name="UMA.Overlay0Tint" value="skin"/>
				<property name="UMA.Overlay1Tint" value="0,128,128"/>
			</item_property_overrides>

			<item_property_overrides name="apparelSuitDressShoes">
				<property name="CustomIconTint" value="0,128,128"/>
				<property name="UMA.Overlay0Tint" value="0,128,128"/>
			</item_property_overrides>


			<item_property_overrides name="apparelFlannelShirt">
				<property name="UMA.Overlay0Tint" value="0,128,128"/>
			</item_property_overrides>

			<item_property_overrides name="apparelSuitPants">
				<property name="UMA.Overlay0Tint" value="0,128,128"/>
			</item_property_overrides>

			<item_property_overrides name="apparelSuitJacket">
				<property name="UMA.Overlay0Tint" value="0,128,128"/>
			</item_property_overrides>

			<item_property_overrides name="apparelCoatPufferCoat">
				<property name="CustomIconTint" value="0,128,128"/>
				<property name="UMA.Overlay0Tint" value="0,128,128"/>
			</item_property_overrides>

			<item_property_overrides name="apparelCoatJacketGeneric">
				<property name="CustomIconTint" value="0,128,128"/>
				<property name="UMA.Overlay0Tint" value="0,128,128"/>
			</item_property_overrides>

			<item_property_overrides name="apparelCowboyBoots">
				<property name="UMA.Overlay0Tint" value="0,128,128"/>
			</item_property_overrides>

			<item_property_overrides name="apparelCoatLeatherDuster">
				<property name="UMA.Overlay0Tint" value="0,128,128"/>
			</item_property_overrides>
			<property name="PickupJournalEntry" value="augmentGunsTip"/>

		</item_modifier>

		<item_modifier name="modDyeForestGreen" installable_tags="clothing,armor,weapon,tool,vehicle" modifier_tags="dye" type="attachment" rarity="0.2" cosmetic_install_chance="1">
			<property name="DescriptionKey" value="modDyeGroupDesc"/>
			<property name="Stacknumber" value="1"/>
			<property name="DropMeshfile" value="#Other/Items?Misc/sack_droppedPrefab.prefab"/>
			<property name="CustomIcon" value="modDyeWhite"/>
			<property name="CustomIconTint" value="34,139,34"/>
		<property name="Material" value="Mpaint"/>
			<property name="Weight" value="20"/>
			
			<item_property_overrides name="*">
				<property name="TintColor" value="34,139,34"/>
				<property name="CustomIconTint" value="34,139,34"/>
				<property name="UMA.Overlay0Tint" value="34,139,34"/>
			</item_property_overrides>

			<item_property_overrides name="apparelTankTop">
				<property name="UMA.Overlay0Tint" value="skin"/>
				<property name="UMA.Overlay1Tint" value="34,139,34"/>
			</item_property_overrides>

			<item_property_overrides name="apparelTShirtPlain">
				<property name="UMA.Overlay0Tint" value="skin"/>
				<property name="UMA.Overlay1Tint" value="34,139,34"/>
			</item_property_overrides>

			<item_property_overrides name="apparelTShirtZU">
				<property name="UMA.Overlay0Tint" value="skin"/>
				<property name="UMA.Overlay1Tint" value="34,139,34"/>
			</item_property_overrides>

			<item_property_overrides name="apparelCoatJacketLetterZU">
				<property name="UMA.Overlay0Tint" value="34,139,34"/>
			</item_property_overrides>

			<item_property_overrides name="apparelDenimShortsPants">
				<property name="UMA.Overlay0Tint" value="skin"/>
				<property name="UMA.Overlay1Tint" value="34,139,34"/>
			</item_property_overrides>

			<item_property_overrides name="apparelSuitDressShoes">
				<property name="CustomIconTint" value="34,139,34"/>
				<property name="UMA.Overlay0Tint" value="34,139,34"/>
			</item_property_overrides>


			<item_property_overrides name="apparelFlannelShirt">
				<property name="UMA.Overlay0Tint" value="34,139,34"/>
			</item_property_overrides>

			<item_property_overrides name="apparelSuitPants">
				<property name="UMA.Overlay0Tint" value="34,139,34"/>
			</item_property_overrides>

			<item_property_overrides name="apparelSuitJacket">
				<property name="UMA.Overlay0Tint" value="34,139,34"/>
			</item_property_overrides>

			<item_property_overrides name="apparelCoatPufferCoat">
				<property name="CustomIconTint" value="34,139,34"/>
				<property name="UMA.Overlay0Tint" value="34,139,34"/>
			</item_property_overrides>

			<item_property_overrides name="apparelCoatJacketGeneric">
				<property name="CustomIconTint" value="34,139,34"/>
				<property name="UMA.Overlay0Tint" value="34,139,34"/>
			</item_property_overrides>

			<item_property_overrides name="apparelCowboyBoots">
				<property name="UMA.Overlay0Tint" value="34,139,34"/>
			</item_property_overrides>

			<item_property_overrides name="apparelCoatLeatherDuster">
				<property name="UMA.Overlay0Tint" value="34,139,34"/>
			</item_property_overrides>
			<property name="PickupJournalEntry" value="augmentGunsTip"/>
		</item_modifier>

		<item_modifier name="modDyeOlive" installable_tags="clothing,armor,weapon,tool,vehicle" modifier_tags="dye" type="attachment" rarity="0.2" cosmetic_install_chance="1">
			<property name="DescriptionKey" value="modDyeGroupDesc"/>
			<property name="Stacknumber" value="1"/>
			<property name="DropMeshfile" value="#Other/Items?Misc/sack_droppedPrefab.prefab"/>
			<property name="CustomIcon" value="modDyeWhite"/>
			<property name="CustomIconTint" value="128,128,0"/>
		<property name="Material" value="Mpaint"/>
			<property name="Weight" value="20"/>
			
			<item_property_overrides name="*">
				<property name="TintColor" value="128,128,0"/>
				<property name="CustomIconTint" value="128,128,0"/>
				<property name="UMA.Overlay0Tint" value="128,128,0"/>
			</item_property_overrides>

			<item_property_overrides name="apparelTankTop">
				<property name="UMA.Overlay0Tint" value="skin"/>
				<property name="UMA.Overlay1Tint" value="128,128,0"/>
			</item_property_overrides>

			<item_property_overrides name="apparelTShirtPlain">
				<property name="UMA.Overlay0Tint" value="skin"/>
				<property name="UMA.Overlay1Tint" value="128,128,0"/>
			</item_property_overrides>

			<item_property_overrides name="apparelTShirtZU">
				<property name="UMA.Overlay0Tint" value="skin"/>
				<property name="UMA.Overlay1Tint" value="128,128,0"/>
			</item_property_overrides>

			<item_property_overrides name="apparelCoatJacketLetterZU">
				<property name="UMA.Overlay0Tint" value="128,128,0"/>
			</item_property_overrides>

			<item_property_overrides name="apparelDenimShortsPants">
				<property name="UMA.Overlay0Tint" value="skin"/>
				<property name="UMA.Overlay1Tint" value="128,128,0"/>
			</item_property_overrides>

			<item_property_overrides name="apparelSuitDressShoes">
				<property name="CustomIconTint" value="128,128,0"/>
				<property name="UMA.Overlay0Tint" value="128,128,0"/>
			</item_property_overrides>


			<item_property_overrides name="apparelFlannelShirt">
				<property name="UMA.Overlay0Tint" value="128,128,0"/>
			</item_property_overrides>

			<item_property_overrides name="apparelSuitPants">
				<property name="UMA.Overlay0Tint" value="128,128,0"/>
			</item_property_overrides>

			<item_property_overrides name="apparelSuitJacket">
				<property name="UMA.Overlay0Tint" value="128,128,0"/>
			</item_property_overrides>

			<item_property_overrides name="apparelCoatPufferCoat">
				<property name="CustomIconTint" value="128,128,0"/>
				<property name="UMA.Overlay0Tint" value="128,128,0"/>
			</item_property_overrides>

			<item_property_overrides name="apparelCoatJacketGeneric">
				<property name="CustomIconTint" value="128,128,0"/>
				<property name="UMA.Overlay0Tint" value="128,128,0"/>
			</item_property_overrides>

			<item_property_overrides name="apparelCowboyBoots">
				<property name="UMA.Overlay0Tint" value="128,128,0"/>
			</item_property_overrides>

			<item_property_overrides name="apparelCoatLeatherDuster">
				<property name="UMA.Overlay0Tint" value="128,128,0"/>
			</item_property_overrides>
			<property name="PickupJournalEntry" value="augmentGunsTip"/>
		</item_modifier>

		<item_modifier name="modDyeChartreuse" installable_tags="clothing,armor,weapon,tool,vehicle" modifier_tags="dye" type="attachment" rarity="0.2" cosmetic_install_chance="1">
			<property name="DescriptionKey" value="modDyeGroupDesc"/>
			<property name="Stacknumber" value="1"/>
			<property name="DropMeshfile" value="#Other/Items?Misc/sack_droppedPrefab.prefab"/>
			<property name="CustomIcon" value="modDyeWhite"/>
			<property name="CustomIconTint" value="127,255,0"/>
		<property name="Material" value="Mpaint"/>
			<property name="Weight" value="20"/>
			
			<item_property_overrides name="*">
				<property name="TintColor" value="127,255,0"/>
				<property name="CustomIconTint" value="127,255,0"/>
				<property name="UMA.Overlay0Tint" value="127,255,0"/>
			</item_property_overrides>

			<item_property_overrides name="apparelTankTop">
				<property name="UMA.Overlay0Tint" value="skin"/>
				<property name="UMA.Overlay1Tint" value="127,255,0"/>
			</item_property_overrides>

			<item_property_overrides name="apparelTShirtPlain">
				<property name="UMA.Overlay0Tint" value="skin"/>
				<property name="UMA.Overlay1Tint" value="127,255,0"/>
			</item_property_overrides>

			<item_property_overrides name="apparelTShirtZU">
				<property name="UMA.Overlay0Tint" value="skin"/>
				<property name="UMA.Overlay1Tint" value="127,255,0"/>
			</item_property_overrides>

			<item_property_overrides name="apparelCoatJacketLetterZU">
				<property name="UMA.Overlay0Tint" value="127,255,0"/>
			</item_property_overrides>

			<item_property_overrides name="apparelDenimShortsPants">
				<property name="UMA.Overlay0Tint" value="skin"/>
				<property name="UMA.Overlay1Tint" value="127,255,0"/>
			</item_property_overrides>

			<item_property_overrides name="apparelSuitDressShoes">
				<property name="CustomIconTint" value="127,255,0"/>
				<property name="UMA.Overlay0Tint" value="127,255,0"/>
			</item_property_overrides>


			<item_property_overrides name="apparelFlannelShirt">
				<property name="UMA.Overlay0Tint" value="127,255,0"/>
			</item_property_overrides>

			<item_property_overrides name="apparelSuitPants">
				<property name="UMA.Overlay0Tint" value="127,255,0"/>
			</item_property_overrides>

			<item_property_overrides name="apparelSuitJacket">
				<property name="UMA.Overlay0Tint" value="127,255,0"/>
			</item_property_overrides>

			<item_property_overrides name="apparelCoatPufferCoat">
				<property name="CustomIconTint" value="127,255,0"/>
				<property name="UMA.Overlay0Tint" value="127,255,0"/>
			</item_property_overrides>

			<item_property_overrides name="apparelCoatJacketGeneric">
				<property name="CustomIconTint" value="127,255,0"/>
				<property name="UMA.Overlay0Tint" value="127,255,0"/>
			</item_property_overrides>

			<item_property_overrides name="apparelCowboyBoots">
				<property name="UMA.Overlay0Tint" value="127,255,0"/>
			</item_property_overrides>

			<item_property_overrides name="apparelCoatLeatherDuster">
				<property name="UMA.Overlay0Tint" value="127,255,0"/>
			</item_property_overrides>
			<property name="PickupJournalEntry" value="augmentGunsTip"/>
		</item_modifier>

		<item_modifier name="modDyeCoral" installable_tags="clothing,armor,weapon,tool,vehicle" modifier_tags="dye" type="attachment" rarity="0.2" cosmetic_install_chance="1">
			<property name="DescriptionKey" value="modDyeGroupDesc"/>
			<property name="Stacknumber" value="1"/>
			<property name="DropMeshfile" value="#Other/Items?Misc/sack_droppedPrefab.prefab"/>
			<property name="CustomIcon" value="modDyeWhite"/>
			<property name="CustomIconTint" value="255,127,80"/>
		<property name="Material" value="Mpaint"/>
			<property name="Weight" value="20"/>
			
			<item_property_overrides name="*">
				<property name="TintColor" value="255,127,80"/>
				<property name="CustomIconTint" value="255,127,80"/>
				<property name="UMA.Overlay0Tint" value="255,127,80"/>
			</item_property_overrides>

			<item_property_overrides name="apparelTankTop">
				<property name="UMA.Overlay0Tint" value="skin"/>
				<property name="UMA.Overlay1Tint" value="255,127,80"/>
			</item_property_overrides>

			<item_property_overrides name="apparelTShirtPlain">
				<property name="UMA.Overlay0Tint" value="skin"/>
				<property name="UMA.Overlay1Tint" value="255,127,80"/>
			</item_property_overrides>

			<item_property_overrides name="apparelTShirtZU">
				<property name="UMA.Overlay0Tint" value="skin"/>
				<property name="UMA.Overlay1Tint" value="255,127,80"/>
			</item_property_overrides>

			<item_property_overrides name="apparelCoatJacketLetterZU">
				<property name="UMA.Overlay0Tint" value="255,127,80"/>
			</item_property_overrides>

			<item_property_overrides name="apparelDenimShortsPants">
				<property name="UMA.Overlay0Tint" value="skin"/>
				<property name="UMA.Overlay1Tint" value="255,127,80"/>
			</item_property_overrides>

			<item_property_overrides name="apparelSuitDressShoes">
				<property name="CustomIconTint" value="255,127,80"/>
				<property name="UMA.Overlay0Tint" value="255,127,80"/>
			</item_property_overrides>


			<item_property_overrides name="apparelFlannelShirt">
				<property name="UMA.Overlay0Tint" value="255,127,80"/>
			</item_property_overrides>

			<item_property_overrides name="apparelSuitPants">
				<property name="UMA.Overlay0Tint" value="255,127,80"/>
			</item_property_overrides>

			<item_property_overrides name="apparelSuitJacket">
				<property name="UMA.Overlay0Tint" value="255,127,80"/>
			</item_property_overrides>

			<item_property_overrides name="apparelCoatPufferCoat">
				<property name="CustomIconTint" value="255,127,80"/>
				<property name="UMA.Overlay0Tint" value="255,127,80"/>
			</item_property_overrides>

			<item_property_overrides name="apparelCoatJacketGeneric">
				<property name="CustomIconTint" value="255,127,80"/>
				<property name="UMA.Overlay0Tint" value="255,127,80"/>
			</item_property_overrides>

			<item_property_overrides name="apparelCowboyBoots">
				<property name="UMA.Overlay0Tint" value="255,127,80"/>
			</item_property_overrides>

			<item_property_overrides name="apparelCoatLeatherDuster">
				<property name="UMA.Overlay0Tint" value="255,127,80"/>
			</item_property_overrides>
			<property name="PickupJournalEntry" value="augmentGunsTip"/>
		</item_modifier>

		<item_modifier name="modDyeSalmon" installable_tags="clothing,armor,weapon,tool,vehicle" modifier_tags="dye" type="attachment" rarity="0.2" cosmetic_install_chance="1">
			<property name="DescriptionKey" value="modDyeGroupDesc"/>
			<property name="Stacknumber" value="1"/>
			<property name="DropMeshfile" value="#Other/Items?Misc/sack_droppedPrefab.prefab"/>
			<property name="CustomIcon" value="modDyeWhite"/>
			<property name="CustomIconTint" value="250,128,114"/>
		<property name="Material" value="Mpaint"/>
			<property name="Weight" value="20"/>
			
			<item_property_overrides name="*">
				<property name="TintColor" value="250,128,114"/>
				<property name="CustomIconTint" value="250,128,114"/>
				<property name="UMA.Overlay0Tint" value="250,128,114"/>
			</item_property_overrides>

			<item_property_overrides name="apparelTankTop">
				<property name="UMA.Overlay0Tint" value="skin"/>
				<property name="UMA.Overlay1Tint" value="250,128,114"/>
			</item_property_overrides>

			<item_property_overrides name="apparelTShirtPlain">
				<property name="UMA.Overlay0Tint" value="skin"/>
				<property name="UMA.Overlay1Tint" value="250,128,114"/>
			</item_property_overrides>

			<item_property_overrides name="apparelTShirtZU">
				<property name="UMA.Overlay0Tint" value="skin"/>
				<property name="UMA.Overlay1Tint" value="250,128,114"/>
			</item_property_overrides>

			<item_property_overrides name="apparelCoatJacketLetterZU">
				<property name="UMA.Overlay0Tint" value="250,128,114"/>
			</item_property_overrides>

			<item_property_overrides name="apparelDenimShortsPants">
				<property name="UMA.Overlay0Tint" value="skin"/>
				<property name="UMA.Overlay1Tint" value="250,128,114"/>
			</item_property_overrides>

			<item_property_overrides name="apparelSuitDressShoes">
				<property name="CustomIconTint" value="250,128,114"/>
				<property name="UMA.Overlay0Tint" value="250,128,114"/>
			</item_property_overrides>


			<item_property_overrides name="apparelFlannelShirt">
				<property name="UMA.Overlay0Tint" value="250,128,114"/>
			</item_property_overrides>

			<item_property_overrides name="apparelSuitPants">
				<property name="UMA.Overlay0Tint" value="250,128,114"/>
			</item_property_overrides>

			<item_property_overrides name="apparelSuitJacket">
				<property name="UMA.Overlay0Tint" value="250,128,114"/>
			</item_property_overrides>

			<item_property_overrides name="apparelCoatPufferCoat">
				<property name="CustomIconTint" value="250,128,114"/>
				<property name="UMA.Overlay0Tint" value="250,128,114"/>
			</item_property_overrides>

			<item_property_overrides name="apparelCoatJacketGeneric">
				<property name="CustomIconTint" value="250,128,114"/>
				<property name="UMA.Overlay0Tint" value="250,128,114"/>
			</item_property_overrides>

			<item_property_overrides name="apparelCowboyBoots">
				<property name="UMA.Overlay0Tint" value="250,128,114"/>
			</item_property_overrides>

			<item_property_overrides name="apparelCoatLeatherDuster">
				<property name="UMA.Overlay0Tint" value="250,128,114"/>
			</item_property_overrides>
			<property name="PickupJournalEntry" value="augmentGunsTip"/>
		</item_modifier>

		<item_modifier name="modDyeFuchsia" installable_tags="clothing,armor,weapon,tool,vehicle" modifier_tags="dye" type="attachment" rarity="0.2" cosmetic_install_chance="1">
			<property name="DescriptionKey" value="modDyeGroupDesc"/>
			<property name="Stacknumber" value="1"/>
			<property name="DropMeshfile" value="#Other/Items?Misc/sack_droppedPrefab.prefab"/>
			<property name="CustomIcon" value="modDyeWhite"/>
			<property name="CustomIconTint" value="255,119,255"/>
			<property name="Material" value="Mpaint"/>
		<property name="Weight" value="20"/>
			
			<item_property_overrides name="*">
				<property name="TintColor" value="255,119,255"/>
				<property name="CustomIconTint" value="255,119,255"/>
				<property name="UMA.Overlay0Tint" value="255,119,255"/>
			</item_property_overrides>

			<item_property_overrides name="apparelTankTop">
				<property name="UMA.Overlay0Tint" value="skin"/>
				<property name="UMA.Overlay1Tint" value="255,119,255"/>
			</item_property_overrides>

			<item_property_overrides name="apparelTShirtPlain">
				<property name="UMA.Overlay0Tint" value="skin"/>
				<property name="UMA.Overlay1Tint" value="255,119,255"/>
			</item_property_overrides>

			<item_property_overrides name="apparelTShirtZU">
				<property name="UMA.Overlay0Tint" value="skin"/>
				<property name="UMA.Overlay1Tint" value="255,119,255"/>
			</item_property_overrides>

			<item_property_overrides name="apparelCoatJacketLetterZU">
				<property name="UMA.Overlay0Tint" value="255,119,255"/>
			</item_property_overrides>

			<item_property_overrides name="apparelDenimShortsPants">
				<property name="UMA.Overlay0Tint" value="skin"/>
				<property name="UMA.Overlay1Tint" value="255,119,255"/>
			</item_property_overrides>

			<item_property_overrides name="apparelSuitDressShoes">
				<property name="CustomIconTint" value="255,119,255"/>
				<property name="UMA.Overlay0Tint" value="255,119,255"/>
			</item_property_overrides>


			<item_property_overrides name="apparelFlannelShirt">
				<property name="UMA.Overlay0Tint" value="255,119,255"/>
			</item_property_overrides>

			<item_property_overrides name="apparelSuitPants">
				<property name="UMA.Overlay0Tint" value="255,119,255"/>
			</item_property_overrides>

			<item_property_overrides name="apparelSuitJacket">
				<property name="UMA.Overlay0Tint" value="255,119,255"/>
			</item_property_overrides>

			<item_property_overrides name="apparelCoatPufferCoat">
				<property name="CustomIconTint" value="255,119,255"/>
				<property name="UMA.Overlay0Tint" value="255,119,255"/>
			</item_property_overrides>

			<item_property_overrides name="apparelCoatJacketGeneric">
				<property name="CustomIconTint" value="255,119,255"/>
				<property name="UMA.Overlay0Tint" value="255,119,255"/>
			</item_property_overrides>

			<item_property_overrides name="apparelCowboyBoots">
				<property name="UMA.Overlay0Tint" value="255,119,255"/>
			</item_property_overrides>

			<item_property_overrides name="apparelCoatLeatherDuster">
				<property name="UMA.Overlay0Tint" value="255,119,255"/>
			</item_property_overrides>
			<property name="PickupJournalEntry" value="augmentGunsTip"/>
		</item_modifier>

		<item_modifier name="modDyePuce" installable_tags="clothing,armor,weapon,tool,vehicle" modifier_tags="dye" type="attachment" rarity="0.2" cosmetic_install_chance="1">
			<property name="DescriptionKey" value="modDyeGroupDesc"/>
			<property name="Stacknumber" value="1"/>
			<property name="DropMeshfile" value="#Other/Items?Misc/sack_droppedPrefab.prefab"/>
			<property name="CustomIcon" value="modDyeWhite"/>
			<property name="CustomIconTint" value="204,136,153"/>
		<property name="Material" value="Mpaint"/>
			<property name="Weight" value="20"/>
			
			<item_property_overrides name="*">
				<property name="TintColor" value="204,136,153"/>
				<property name="CustomIconTint" value="204,136,153"/>
				<property name="UMA.Overlay0Tint" value="204,136,153"/>
			</item_property_overrides>

			<item_property_overrides name="apparelTankTop">
				<property name="UMA.Overlay0Tint" value="skin"/>
				<property name="UMA.Overlay1Tint" value="204,136,153"/>
			</item_property_overrides>

			<item_property_overrides name="apparelTShirtPlain">
				<property name="UMA.Overlay0Tint" value="skin"/>
				<property name="UMA.Overlay1Tint" value="204,136,153"/>
			</item_property_overrides>

			<item_property_overrides name="apparelTShirtZU">
				<property name="UMA.Overlay0Tint" value="skin"/>
				<property name="UMA.Overlay1Tint" value="204,136,153"/>
			</item_property_overrides>

			<item_property_overrides name="apparelCoatJacketLetterZU">
				<property name="UMA.Overlay0Tint" value="204,136,153"/>
			</item_property_overrides>

			<item_property_overrides name="apparelDenimShortsPants">
				<property name="UMA.Overlay0Tint" value="skin"/>
				<property name="UMA.Overlay1Tint" value="204,136,153"/>
			</item_property_overrides>

			<item_property_overrides name="apparelSuitDressShoes">
				<property name="CustomIconTint" value="204,136,153"/>
				<property name="UMA.Overlay0Tint" value="204,136,153"/>
			</item_property_overrides>


			<item_property_overrides name="apparelFlannelShirt">
				<property name="UMA.Overlay0Tint" value="204,136,153"/>
			</item_property_overrides>

			<item_property_overrides name="apparelSuitPants">
				<property name="UMA.Overlay0Tint" value="204,136,153"/>
			</item_property_overrides>

			<item_property_overrides name="apparelSuitJacket">
				<property name="UMA.Overlay0Tint" value="204,136,153"/>
			</item_property_overrides>

			<item_property_overrides name="apparelCoatPufferCoat">
				<property name="CustomIconTint" value="204,136,153"/>
				<property name="UMA.Overlay0Tint" value="204,136,153"/>
			</item_property_overrides>

			<item_property_overrides name="apparelCoatJacketGeneric">
				<property name="CustomIconTint" value="204,136,153"/>
				<property name="UMA.Overlay0Tint" value="204,136,153"/>
			</item_property_overrides>

			<item_property_overrides name="apparelCowboyBoots">
				<property name="UMA.Overlay0Tint" value="204,136,153"/>
			</item_property_overrides>

			<item_property_overrides name="apparelCoatLeatherDuster">
				<property name="UMA.Overlay0Tint" value="204,136,153"/>
			</item_property_overrides>
			<property name="PickupJournalEntry" value="augmentGunsTip"/>
		</item_modifier>

		<item_modifier name="modDyeMauve" installable_tags="clothing,armor,weapon,tool,vehicle" modifier_tags="dye" type="attachment" rarity="0.2" cosmetic_install_chance="1">
			<property name="DescriptionKey" value="modDyeGroupDesc"/>
			<property name="Stacknumber" value="1"/>
			<property name="DropMeshfile" value="#Other/Items?Misc/sack_droppedPrefab.prefab"/>
			<property name="CustomIcon" value="modDyeWhite"/>
			<property name="CustomIconTint" value="224,176,255"/>
		<property name="Material" value="Mpaint"/>
			<property name="Weight" value="20"/>
			
			<item_property_overrides name="*">
				<property name="TintColor" value="224,176,255"/>
				<property name="CustomIconTint" value="224,176,255"/>
				<property name="UMA.Overlay0Tint" value="224,176,255"/>
			</item_property_overrides>

			<item_property_overrides name="apparelTankTop">
				<property name="UMA.Overlay0Tint" value="skin"/>
				<property name="UMA.Overlay1Tint" value="224,176,255"/>
			</item_property_overrides>

			<item_property_overrides name="apparelTShirtPlain">
				<property name="UMA.Overlay0Tint" value="skin"/>
				<property name="UMA.Overlay1Tint" value="224,176,255"/>
			</item_property_overrides>

			<item_property_overrides name="apparelTShirtZU">
				<property name="UMA.Overlay0Tint" value="skin"/>
				<property name="UMA.Overlay1Tint" value="224,176,255"/>
			</item_property_overrides>

			<item_property_overrides name="apparelCoatJacketLetterZU">
				<property name="UMA.Overlay0Tint" value="224,176,255"/>
			</item_property_overrides>

			<item_property_overrides name="apparelDenimShortsPants">
				<property name="UMA.Overlay0Tint" value="skin"/>
				<property name="UMA.Overlay1Tint" value="224,176,255"/>
			</item_property_overrides>

			<item_property_overrides name="apparelSuitDressShoes">
				<property name="CustomIconTint" value="224,176,255"/>
				<property name="UMA.Overlay0Tint" value="224,176,255"/>
			</item_property_overrides>


			<item_property_overrides name="apparelFlannelShirt">
				<property name="UMA.Overlay0Tint" value="224,176,255"/>
			</item_property_overrides>

			<item_property_overrides name="apparelSuitPants">
				<property name="UMA.Overlay0Tint" value="224,176,255"/>
			</item_property_overrides>

			<item_property_overrides name="apparelSuitJacket">
				<property name="UMA.Overlay0Tint" value="224,176,255"/>
			</item_property_overrides>

			<item_property_overrides name="apparelCoatPufferCoat">
				<property name="CustomIconTint" value="224,176,255"/>
				<property name="UMA.Overlay0Tint" value="224,176,255"/>
			</item_property_overrides>

			<item_property_overrides name="apparelCoatJacketGeneric">
				<property name="CustomIconTint" value="224,176,255"/>
				<property name="UMA.Overlay0Tint" value="224,176,255"/>
			</item_property_overrides>

			<item_property_overrides name="apparelCowboyBoots">
				<property name="UMA.Overlay0Tint" value="224,176,255"/>
			</item_property_overrides>

			<item_property_overrides name="apparelCoatLeatherDuster">
				<property name="UMA.Overlay0Tint" value="224,176,255"/>
			</item_property_overrides>
			<property name="PickupJournalEntry" value="augmentGunsTip"/>
		</item_modifier>

		<item_modifier name="modDyeLavender" installable_tags="clothing,armor,weapon,tool,vehicle" modifier_tags="dye" type="attachment" rarity="0.2" cosmetic_install_chance="1">
			<property name="DescriptionKey" value="modDyeGroupDesc"/>
			<property name="Stacknumber" value="1"/>
			<property name="DropMeshfile" value="#Other/Items?Misc/sack_droppedPrefab.prefab"/>
			<property name="CustomIcon" value="modDyeWhite"/>
			<property name="CustomIconTint" value="181,126,220"/>
		<property name="Material" value="Mpaint"/>
			<property name="Weight" value="20"/>
			
			<item_property_overrides name="*">
				<property name="TintColor" value="181,126,220"/>
				<property name="CustomIconTint" value="181,126,220"/>
				<property name="UMA.Overlay0Tint" value="181,126,220"/>
			</item_property_overrides>

			<item_property_overrides name="apparelTankTop">
				<property name="UMA.Overlay0Tint" value="skin"/>
				<property name="UMA.Overlay1Tint" value="181,126,220"/>
			</item_property_overrides>

			<item_property_overrides name="apparelTShirtPlain">
				<property name="UMA.Overlay0Tint" value="skin"/>
				<property name="UMA.Overlay1Tint" value="181,126,220"/>
			</item_property_overrides>

			<item_property_overrides name="apparelTShirtZU">
				<property name="UMA.Overlay0Tint" value="skin"/>
				<property name="UMA.Overlay1Tint" value="181,126,220"/>
			</item_property_overrides>

			<item_property_overrides name="apparelCoatJacketLetterZU">
				<property name="UMA.Overlay0Tint" value="181,126,220"/>
			</item_property_overrides>

			<item_property_overrides name="apparelDenimShortsPants">
				<property name="UMA.Overlay0Tint" value="skin"/>
				<property name="UMA.Overlay1Tint" value="181,126,220"/>
			</item_property_overrides>

			<item_property_overrides name="apparelSuitDressShoes">
				<property name="CustomIconTint" value="181,126,220"/>
				<property name="UMA.Overlay0Tint" value="181,126,220"/>
			</item_property_overrides>


			<item_property_overrides name="apparelFlannelShirt">
				<property name="UMA.Overlay0Tint" value="181,126,220"/>
			</item_property_overrides>

			<item_property_overrides name="apparelSuitPants">
				<property name="UMA.Overlay0Tint" value="181,126,220"/>
			</item_property_overrides>

			<item_property_overrides name="apparelSuitJacket">
				<property name="UMA.Overlay0Tint" value="181,126,220"/>
			</item_property_overrides>

			<item_property_overrides name="apparelCoatPufferCoat">
				<property name="CustomIconTint" value="181,126,220"/>
				<property name="UMA.Overlay0Tint" value="181,126,220"/>
			</item_property_overrides>

			<item_property_overrides name="apparelCoatJacketGeneric">
				<property name="CustomIconTint" value="181,126,220"/>
				<property name="UMA.Overlay0Tint" value="181,126,220"/>
			</item_property_overrides>

			<item_property_overrides name="apparelCowboyBoots">
				<property name="UMA.Overlay0Tint" value="181,126,220"/>
			</item_property_overrides>

			<item_property_overrides name="apparelCoatLeatherDuster">
				<property name="UMA.Overlay0Tint" value="181,126,220"/>
			</item_property_overrides>
			<property name="PickupJournalEntry" value="augmentGunsTip"/>
		</item_modifier>

		<item_modifier name="modDyePlum" installable_tags="clothing,armor,weapon,tool,vehicle" modifier_tags="dye" type="attachment" rarity="0.2" cosmetic_install_chance="1">
			<property name="DescriptionKey" value="modDyeGroupDesc"/>
			<property name="Stacknumber" value="1"/>
			<property name="DropMeshfile" value="#Other/Items?Misc/sack_droppedPrefab.prefab"/>
			<property name="CustomIcon" value="modDyeWhite"/>
			<property name="CustomIconTint" value="132,49,121"/>
		<property name="Material" value="Mpaint"/>
			<property name="Weight" value="20"/>
			
			<item_property_overrides name="*">
				<property name="TintColor" value="132,49,121"/>
				<property name="CustomIconTint" value="132,49,121"/>
				<property name="UMA.Overlay0Tint" value="132,49,121"/>
			</item_property_overrides>

			<item_property_overrides name="apparelTankTop">
				<property name="UMA.Overlay0Tint" value="skin"/>
				<property name="UMA.Overlay1Tint" value="132,49,121"/>
			</item_property_overrides>

			<item_property_overrides name="apparelTShirtPlain">
				<property name="UMA.Overlay0Tint" value="skin"/>
				<property name="UMA.Overlay1Tint" value="132,49,121"/>
			</item_property_overrides>

			<item_property_overrides name="apparelTShirtZU">
				<property name="UMA.Overlay0Tint" value="skin"/>
				<property name="UMA.Overlay1Tint" value="132,49,121"/>
			</item_property_overrides>

			<item_property_overrides name="apparelCoatJacketLetterZU">
				<property name="UMA.Overlay0Tint" value="132,49,121"/>
			</item_property_overrides>

			<item_property_overrides name="apparelDenimShortsPants">
				<property name="UMA.Overlay0Tint" value="skin"/>
				<property name="UMA.Overlay1Tint" value="132,49,121"/>
			</item_property_overrides>

			<item_property_overrides name="apparelSuitDressShoes">
				<property name="CustomIconTint" value="132,49,121"/>
				<property name="UMA.Overlay0Tint" value="132,49,121"/>
			</item_property_overrides>


			<item_property_overrides name="apparelFlannelShirt">
				<property name="UMA.Overlay0Tint" value="132,49,121"/>
			</item_property_overrides>

			<item_property_overrides name="apparelSuitPants">
				<property name="UMA.Overlay0Tint" value="132,49,121"/>
			</item_property_overrides>

			<item_property_overrides name="apparelSuitJacket">
				<property name="UMA.Overlay0Tint" value="132,49,121"/>
			</item_property_overrides>

			<item_property_overrides name="apparelCoatPufferCoat">
				<property name="CustomIconTint" value="132,49,121"/>
				<property name="UMA.Overlay0Tint" value="132,49,121"/>
			</item_property_overrides>

			<item_property_overrides name="apparelCoatJacketGeneric">
				<property name="CustomIconTint" value="132,49,121"/>
				<property name="UMA.Overlay0Tint" value="132,49,121"/>
			</item_property_overrides>

			<item_property_overrides name="apparelCowboyBoots">
				<property name="UMA.Overlay0Tint" value="132,49,121"/>
			</item_property_overrides>

			<item_property_overrides name="apparelCoatLeatherDuster">
				<property name="UMA.Overlay0Tint" value="132,49,121"/>
			</item_property_overrides>
			<property name="PickupJournalEntry" value="augmentGunsTip"/>
		</item_modifier>

		<item_modifier name="modDyeIndigo" installable_tags="clothing,armor,weapon,tool,vehicle" modifier_tags="dye" type="attachment" rarity="0.2" cosmetic_install_chance="1">
			<property name="DescriptionKey" value="modDyeGroupDesc"/>
			<property name="Stacknumber" value="1"/>
			<property name="DropMeshfile" value="#Other/Items?Misc/sack_droppedPrefab.prefab"/>
			<property name="CustomIcon" value="modDyeWhite"/>
			<property name="CustomIconTint" value="75,0,130"/>
		<property name="Material" value="Mpaint"/>
			<property name="Weight" value="20"/>
			
			<item_property_overrides name="*">
				<property name="TintColor" value="75,0,130"/>
				<property name="CustomIconTint" value="75,0,130"/>
				<property name="UMA.Overlay0Tint" value="75,0,130"/>
			</item_property_overrides>

			<item_property_overrides name="apparelTankTop">
				<property name="UMA.Overlay0Tint" value="skin"/>
				<property name="UMA.Overlay1Tint" value="75,0,130"/>
			</item_property_overrides>

			<item_property_overrides name="apparelTShirtPlain">
				<property name="UMA.Overlay0Tint" value="skin"/>
				<property name="UMA.Overlay1Tint" value="75,0,130"/>
			</item_property_overrides>

			<item_property_overrides name="apparelTShirtZU">
				<property name="UMA.Overlay0Tint" value="skin"/>
				<property name="UMA.Overlay1Tint" value="75,0,130"/>
			</item_property_overrides>

			<item_property_overrides name="apparelCoatJacketLetterZU">
				<property name="UMA.Overlay0Tint" value="75,0,130"/>
			</item_property_overrides>

			<item_property_overrides name="apparelDenimShortsPants">
				<property name="UMA.Overlay0Tint" value="skin"/>
				<property name="UMA.Overlay1Tint" value="75,0,130"/>
			</item_property_overrides>

			<item_property_overrides name="apparelSuitDressShoes">
				<property name="CustomIconTint" value="75,0,130"/>
				<property name="UMA.Overlay0Tint" value="75,0,130"/>
			</item_property_overrides>


			<item_property_overrides name="apparelFlannelShirt">
				<property name="UMA.Overlay0Tint" value="75,0,130"/>
			</item_property_overrides>

			<item_property_overrides name="apparelSuitPants">
				<property name="UMA.Overlay0Tint" value="75,0,130"/>
			</item_property_overrides>

			<item_property_overrides name="apparelSuitJacket">
				<property name="UMA.Overlay0Tint" value="75,0,130"/>
			</item_property_overrides>

			<item_property_overrides name="apparelCoatPufferCoat">
				<property name="CustomIconTint" value="75,0,130"/>
				<property name="UMA.Overlay0Tint" value="75,0,130"/>
			</item_property_overrides>

			<item_property_overrides name="apparelCoatJacketGeneric">
				<property name="CustomIconTint" value="75,0,130"/>
				<property name="UMA.Overlay0Tint" value="75,0,130"/>
			</item_property_overrides>

			<item_property_overrides name="apparelCowboyBoots">
				<property name="UMA.Overlay0Tint" value="75,0,130"/>
			</item_property_overrides>

			<item_property_overrides name="apparelCoatLeatherDuster">
				<property name="UMA.Overlay0Tint" value="75,0,130"/>
			</item_property_overrides>
			<property name="PickupJournalEntry" value="augmentGunsTip"/>
		</item_modifier>

		<item_modifier name="modDyeMaroon" installable_tags="clothing,armor,weapon,tool,vehicle" modifier_tags="dye" type="attachment" rarity="0.2" cosmetic_install_chance="1">
			<property name="DescriptionKey" value="modDyeGroupDesc"/>
			<property name="Stacknumber" value="1"/>
			<property name="DropMeshfile" value="#Other/Items?Misc/sack_droppedPrefab.prefab"/>
			<property name="CustomIcon" value="modDyeWhite"/>
			<property name="CustomIconTint" value="128,0,0"/>
		<property name="Material" value="Mpaint"/>
			<property name="Weight" value="20"/>
			
			<item_property_overrides name="*">
				<property name="TintColor" value="128,0,0"/>
				<property name="CustomIconTint" value="128,0,0"/>
				<property name="UMA.Overlay0Tint" value="128,0,0"/>
			</item_property_overrides>

			<item_property_overrides name="apparelTankTop">
				<property name="UMA.Overlay0Tint" value="skin"/>
				<property name="UMA.Overlay1Tint" value="128,0,0"/>
			</item_property_overrides>

			<item_property_overrides name="apparelTShirtPlain">
				<property name="UMA.Overlay0Tint" value="skin"/>
				<property name="UMA.Overlay1Tint" value="128,0,0"/>
			</item_property_overrides>

			<item_property_overrides name="apparelTShirtZU">
				<property name="UMA.Overlay0Tint" value="skin"/>
				<property name="UMA.Overlay1Tint" value="128,0,0"/>
			</item_property_overrides>

			<item_property_overrides name="apparelCoatJacketLetterZU">
				<property name="UMA.Overlay0Tint" value="128,0,0"/>
			</item_property_overrides>

			<item_property_overrides name="apparelDenimShortsPants">
				<property name="UMA.Overlay0Tint" value="skin"/>
				<property name="UMA.Overlay1Tint" value="128,0,0"/>
			</item_property_overrides>

			<item_property_overrides name="apparelSuitDressShoes">
				<property name="CustomIconTint" value="128,0,0"/>
				<property name="UMA.Overlay0Tint" value="128,0,0"/>
			</item_property_overrides>


			<item_property_overrides name="apparelFlannelShirt">
				<property name="UMA.Overlay0Tint" value="128,0,0"/>
			</item_property_overrides>

			<item_property_overrides name="apparelSuitPants">
				<property name="UMA.Overlay0Tint" value="128,0,0"/>
			</item_property_overrides>

			<item_property_overrides name="apparelSuitJacket">
				<property name="UMA.Overlay0Tint" value="128,0,0"/>
			</item_property_overrides>

			<item_property_overrides name="apparelCoatPufferCoat">
				<property name="CustomIconTint" value="128,0,0"/>
				<property name="UMA.Overlay0Tint" value="128,0,0"/>
			</item_property_overrides>

			<item_property_overrides name="apparelCoatJacketGeneric">
				<property name="CustomIconTint" value="128,0,0"/>
				<property name="UMA.Overlay0Tint" value="128,0,0"/>
			</item_property_overrides>

			<item_property_overrides name="apparelCowboyBoots">
				<property name="UMA.Overlay0Tint" value="128,0,0"/>
			</item_property_overrides>

			<item_property_overrides name="apparelCoatLeatherDuster">
				<property name="UMA.Overlay0Tint" value="128,0,0"/>
			</item_property_overrides>
			<property name="PickupJournalEntry" value="augmentGunsTip"/>
		</item_modifier>

		<item_modifier name="modDyeCrimson" installable_tags="clothing,armor,weapon,tool,vehicle" modifier_tags="dye" type="attachment" rarity="0.2" cosmetic_install_chance="1">
			<property name="DescriptionKey" value="modDyeGroupDesc"/>
			<property name="Stacknumber" value="1"/>
			<property name="DropMeshfile" value="#Other/Items?Misc/sack_droppedPrefab.prefab"/>
			<property name="CustomIcon" value="modDyeWhite"/>
			<property name="CustomIconTint" value="220,20,60"/>
		<property name="Material" value="Mpaint"/>
			<property name="Weight" value="20"/>
			
			<item_property_overrides name="*">
				<property name="TintColor" value="220,20,60"/>
				<property name="CustomIconTint" value="220,20,60"/>
				<property name="UMA.Overlay0Tint" value="220,20,60"/>
			</item_property_overrides>

			<item_property_overrides name="apparelTankTop">
				<property name="UMA.Overlay0Tint" value="skin"/>
				<property name="UMA.Overlay1Tint" value="220,20,60"/>
			</item_property_overrides>

			<item_property_overrides name="apparelTShirtPlain">
				<property name="UMA.Overlay0Tint" value="skin"/>
				<property name="UMA.Overlay1Tint" value="220,20,60"/>
			</item_property_overrides>

			<item_property_overrides name="apparelTShirtZU">
				<property name="UMA.Overlay0Tint" value="skin"/>
				<property name="UMA.Overlay1Tint" value="220,20,60"/>
			</item_property_overrides>

			<item_property_overrides name="apparelCoatJacketLetterZU">
				<property name="UMA.Overlay0Tint" value="220,20,60"/>
			</item_property_overrides>

			<item_property_overrides name="apparelDenimShortsPants">
				<property name="UMA.Overlay0Tint" value="skin"/>
				<property name="UMA.Overlay1Tint" value="220,20,60"/>
			</item_property_overrides>

			<item_property_overrides name="apparelSuitDressShoes">
				<property name="CustomIconTint" value="220,20,60"/>
				<property name="UMA.Overlay0Tint" value="220,20,60"/>
			</item_property_overrides>


			<item_property_overrides name="apparelFlannelShirt">
				<property name="UMA.Overlay0Tint" value="220,20,60"/>
			</item_property_overrides>

			<item_property_overrides name="apparelSuitPants">
				<property name="UMA.Overlay0Tint" value="220,20,60"/>
			</item_property_overrides>

			<item_property_overrides name="apparelSuitJacket">
				<property name="UMA.Overlay0Tint" value="220,20,60"/>
			</item_property_overrides>

			<item_property_overrides name="apparelCoatPufferCoat">
				<property name="CustomIconTint" value="220,20,60"/>
				<property name="UMA.Overlay0Tint" value="220,20,60"/>
			</item_property_overrides>

			<item_property_overrides name="apparelCoatJacketGeneric">
				<property name="CustomIconTint" value="220,20,60"/>
				<property name="UMA.Overlay0Tint" value="220,20,60"/>
			</item_property_overrides>

			<item_property_overrides name="apparelCowboyBoots">
				<property name="UMA.Overlay0Tint" value="220,20,60"/>
			</item_property_overrides>

			<item_property_overrides name="apparelCoatLeatherDuster">
				<property name="UMA.Overlay0Tint" value="220,20,60"/>
			</item_property_overrides>
			<property name="PickupJournalEntry" value="augmentGunsTip"/>
		</item_modifier>

	</append>
	<append xpath="/item_modifiers/item_modifier[starts-with(@name, 'modDye')]">
		<property name="Group" value="Resources,Chemicals,CFChemicals"/>
	</append>

</FRK>