<FRK>
	<append xpath="/recipes">
		
		<recipe name="apparelUltimateGoggles" craft_time="300" craft_area="workbench" tags="perkNeedleAndThreadComplete,learnable,workbenchCrafting">
			<ingredient name="resourceLeather" count="20"/>
			<ingredient name="resourceElectricParts" count="50"/>
			<ingredient name="resourceScrapPolymers" count="50"/>
			<ingredient name="resourceForgedSteel" count="5"/>
			<ingredient name="modDyeGreen" count="10"/>
		</recipe>
		
		<recipe name="modArmorBackPack" craft_time="240" craft_area="workbench" tags="perkNeedleAndThreadComplete,learnable,workbenchCrafting">
			<ingredient name="resourceLeather" count="100"/>
			<ingredient name="resourceForgedSteel" count="10"/>
			<ingredient name="resourceSpring" count="10"/>
			<ingredient name="resourceScrapPolymers" count="50"/>
			<ingredient name="resourceCloth" count="50"/>		
		</recipe>
		
		<recipe name="modArmorSprungBoots" craft_time="120" craft_area="workbench" tags="perkParkour,learnable,workbenchCrafting">
			<ingredient name="resourceSpring" count="12"/>
			<ingredient name="resourceDuctTape" count="2"/>
			<ingredient name="resourceLeather" count="2"/>
		</recipe>
		<!-- Craftable Dyes -->
		<recipe name="modDyeRed" count="1" craft_area="chemistryStation" tags="mods,chemStationCrafting">
			<property name="Group" value="Resources,Chemicals,CFChemicals"/>
			<ingredient name="resourcePaint" count="2"/>
			<ingredient name="drinkJarEmpty" count="1"/>
			<ingredient name="resourceOil" count="1"/>
		</recipe>
		<recipe name="modDyeGreen" count="1" craft_area="chemistryStation" tags="mods,chemStationCrafting">
			<property name="Group" value="Resources,Chemicals,CFChemicals"/>
			<ingredient name="resourcePaint" count="2"/>
			<ingredient name="drinkJarEmpty" count="1"/>
			<ingredient name="resourceOil" count="1"/>
		</recipe>
		<recipe name="modDyeBlack" count="1" craft_area="chemistryStation" tags="mods,chemStationCrafting">
			<property name="Group" value="Resources,Chemicals,CFChemicals"/>
			<ingredient name="resourcePaint" count="2"/>
			<ingredient name="drinkJarEmpty" count="1"/>
			<ingredient name="resourceOil" count="1"/>
		</recipe>
		<recipe name="modDyeBlue" count="1" craft_area="chemistryStation" tags="mods,chemStationCrafting">
			<property name="Group" value="Resources,Chemicals,CFChemicals"/>
			<ingredient name="resourcePaint" count="2"/>
			<ingredient name="drinkJarEmpty" count="1"/>
			<ingredient name="resourceOil" count="1"/>
		</recipe>
		<recipe name="modDyeBrown" count="1" craft_area="chemistryStation" tags="mods,chemStationCrafting">
			<property name="Group" value="Resources,Chemicals,CFChemicals"/>
			<ingredient name="resourcePaint" count="2"/>
			<ingredient name="drinkJarEmpty" count="1"/>
			<ingredient name="resourceOil" count="1"/>
		</recipe>
		<recipe name="modDyePink" count="1" craft_area="chemistryStation" tags="mods,chemStationCrafting">
			<property name="Group" value="Resources,Chemicals,CFChemicals"/>
			<ingredient name="resourcePaint" count="2"/>
			<ingredient name="drinkJarEmpty" count="1"/>
			<ingredient name="resourceOil" count="1"/>
		</recipe>
		<recipe name="modDyePurple" count="1" craft_area="chemistryStation" tags="mods,chemStationCrafting">
			<property name="Group" value="Resources,Chemicals,CFChemicals"/>
			<ingredient name="resourcePaint" count="2"/>
			<ingredient name="drinkJarEmpty" count="1"/>
			<ingredient name="resourceOil" count="1"/>
		</recipe>
		<recipe name="modDyeYellow" count="1" craft_area="chemistryStation" tags="mods,chemStationCrafting">
			<property name="Group" value="Resources,Chemicals,CFChemicals"/>
			<ingredient name="resourcePaint" count="2"/>
			<ingredient name="drinkJarEmpty" count="1"/>
			<ingredient name="resourceOil" count="1"/>
		</recipe>

		<!-- Custom Dyes -->
		<recipe name="modDyeTurquoise" count="1" craft_area="chemistryStation" tags="mods,chemStationCrafting">
			<property name="Group" value="Resources,Chemicals,CFChemicals"/>
			<ingredient name="resourcePaint" count="2"/>
			<ingredient name="drinkJarEmpty" count="1"/>
			<ingredient name="resourceOil" count="1"/>
		</recipe>
		<recipe name="modDyeRoyalPurple" count="1" craft_area="chemistryStation" tags="mods,chemStationCrafting">
			<property name="Group" value="Resources,Chemicals,CFChemicals"/>
			<ingredient name="resourcePaint" count="2"/>
			<ingredient name="drinkJarEmpty" count="1"/>
			<ingredient name="resourceOil" count="1"/>
		</recipe>
		<recipe name="modDyeGold" count="1" craft_area="chemistryStation" tags="mods,chemStationCrafting">
			<property name="Group" value="Resources,Chemicals,CFChemicals"/>
			<ingredient name="resourcePaint" count="2"/>
			<ingredient name="drinkJarEmpty" count="1"/>
			<ingredient name="resourceOil" count="1"/>
		</recipe>
		<recipe name="modDyeSilver" count="1" craft_area="chemistryStation" tags="mods,chemStationCrafting">
			<property name="Group" value="Resources,Chemicals,CFChemicals"/>
			<ingredient name="resourcePaint" count="2"/>
			<ingredient name="drinkJarEmpty" count="1"/>
			<ingredient name="resourceOil" count="1"/>
		</recipe>
		<recipe name="modDyeBronze" count="1" craft_area="chemistryStation" tags="mods,chemStationCrafting">
			<property name="Group" value="Resources,Chemicals,CFChemicals"/>
			<ingredient name="resourcePaint" count="2"/>
			<ingredient name="drinkJarEmpty" count="1"/>
			<ingredient name="resourceOil" count="1"/>
		</recipe>
		<recipe name="modDyeLime" count="1" craft_area="chemistryStation" tags="mods,chemStationCrafting">
			<property name="Group" value="Resources,Chemicals,CFChemicals"/>
			<ingredient name="resourcePaint" count="2"/>
			<ingredient name="drinkJarEmpty" count="1"/>
			<ingredient name="resourceOil" count="1"/>
		</recipe>
		<recipe name="modDyeCandyPink" count="1" craft_area="chemistryStation" tags="mods,chemStationCrafting">
			<property name="Group" value="Resources,Chemicals,CFChemicals"/>
			<ingredient name="resourcePaint" count="2"/>
			<ingredient name="drinkJarEmpty" count="1"/>
			<ingredient name="resourceOil" count="1"/>
		</recipe>
		<recipe name="modDyeOrange" count="1" craft_area="chemistryStation" tags="mods,chemStationCrafting">
			<property name="Group" value="Resources,Chemicals,CFChemicals"/>
			<ingredient name="resourcePaint" count="2"/>
			<ingredient name="drinkJarEmpty" count="1"/>
			<ingredient name="resourceOil" count="1"/>
		</recipe>
		<recipe name="modDyeBeige" count="1" craft_area="chemistryStation" tags="mods,chemStationCrafting">
			<property name="Group" value="Resources,Chemicals,CFChemicals"/>
			<ingredient name="resourcePaint" count="2"/>
			<ingredient name="drinkJarEmpty" count="1"/>
			<ingredient name="resourceOil" count="1"/>
		</recipe>		
		<recipe name="modDyeTan" count="1" craft_area="chemistryStation" tags="mods,chemStationCrafting">
			<property name="Group" value="Resources,Chemicals,CFChemicals"/>
			<ingredient name="resourcePaint" count="2"/>
			<ingredient name="drinkJarEmpty" count="1"/>
			<ingredient name="resourceOil" count="1"/>
		</recipe>		
		<recipe name="modDyeGray" count="1" craft_area="chemistryStation" tags="mods,chemStationCrafting">
			<property name="Group" value="Resources,Chemicals,CFChemicals"/>
			<ingredient name="resourcePaint" count="2"/>
			<ingredient name="drinkJarEmpty" count="1"/>
			<ingredient name="resourceOil" count="1"/>
		</recipe>		
		<recipe name="modDyeCharcoal" count="1" craft_area="chemistryStation" tags="mods,chemStationCrafting">
			<property name="Group" value="Resources,Chemicals,CFChemicals"/>
			<ingredient name="resourcePaint" count="2"/>
			<ingredient name="drinkJarEmpty" count="1"/>
			<ingredient name="resourceOil" count="1"/>
		</recipe>		
		<recipe name="modDyeNavyBlue" count="1" craft_area="chemistryStation" tags="mods,chemStationCrafting">
			<property name="Group" value="Resources,Chemicals,CFChemicals"/>
			<ingredient name="resourcePaint" count="2"/>
			<ingredient name="drinkJarEmpty" count="1"/>
			<ingredient name="resourceOil" count="1"/>
		</recipe>		
		<recipe name="modDyeRoyalBlue" count="1" craft_area="chemistryStation" tags="mods,chemStationCrafting">
			<property name="Group" value="Resources,Chemicals,CFChemicals"/>
			<ingredient name="resourcePaint" count="2"/>
			<ingredient name="drinkJarEmpty" count="1"/>
			<ingredient name="resourceOil" count="1"/>
		</recipe>		
		<recipe name="modDyeAzure" count="1" craft_area="chemistryStation" tags="mods,chemStationCrafting">
			<property name="Group" value="Resources,Chemicals,CFChemicals"/>
			<ingredient name="resourcePaint" count="2"/>
			<ingredient name="drinkJarEmpty" count="1"/>
			<ingredient name="resourceOil" count="1"/>
		</recipe>		
		<recipe name="modDyeCyan" count="1" craft_area="chemistryStation" tags="mods,chemStationCrafting">
			<property name="Group" value="Resources,Chemicals,CFChemicals"/>
			<ingredient name="resourcePaint" count="2"/>
			<ingredient name="drinkJarEmpty" count="1"/>
			<ingredient name="resourceOil" count="1"/>
		</recipe>		
		<recipe name="modDyeAquamarine" count="1" craft_area="chemistryStation" tags="mods,chemStationCrafting">
			<property name="Group" value="Resources,Chemicals,CFChemicals"/>
			<ingredient name="resourcePaint" count="2"/>
			<ingredient name="drinkJarEmpty" count="1"/>
			<ingredient name="resourceOil" count="1"/>
		</recipe>		
		<recipe name="modDyeTeal" count="1" craft_area="chemistryStation" tags="mods,chemStationCrafting">
			<property name="Group" value="Resources,Chemicals,CFChemicals"/>
			<ingredient name="resourcePaint" count="2"/>
			<ingredient name="drinkJarEmpty" count="1"/>
			<ingredient name="resourceOil" count="1"/>
		</recipe>		
		<recipe name="modDyeForestGreen" count="1" craft_area="chemistryStation" tags="mods,chemStationCrafting">
			<property name="Group" value="Resources,Chemicals,CFChemicals"/>
			<ingredient name="resourcePaint" count="2"/>
			<ingredient name="drinkJarEmpty" count="1"/>
			<ingredient name="resourceOil" count="1"/>
		</recipe>		
		<recipe name="modDyeOlive" count="1" craft_area="chemistryStation" tags="mods,chemStationCrafting">
			<property name="Group" value="Resources,Chemicals,CFChemicals"/>
			<ingredient name="resourcePaint" count="2"/>
			<ingredient name="drinkJarEmpty" count="1"/>
			<ingredient name="resourceOil" count="1"/>
		</recipe>		
		<recipe name="modDyeChartreuse" count="1" craft_area="chemistryStation" tags="mods,chemStationCrafting">
			<property name="Group" value="Resources,Chemicals,CFChemicals"/>
			<ingredient name="resourcePaint" count="2"/>
			<ingredient name="drinkJarEmpty" count="1"/>
			<ingredient name="resourceOil" count="1"/>
		</recipe>		
		<recipe name="modDyeCoral" count="1" craft_area="chemistryStation" tags="mods,chemStationCrafting">
			<property name="Group" value="Resources,Chemicals,CFChemicals"/>
			<ingredient name="resourcePaint" count="2"/>
			<ingredient name="drinkJarEmpty" count="1"/>
			<ingredient name="resourceOil" count="1"/>
		</recipe>		
		<recipe name="modDyeSalmon" count="1" craft_area="chemistryStation" tags="mods,chemStationCrafting">
			<property name="Group" value="Resources,Chemicals,CFChemicals"/>
			<ingredient name="resourcePaint" count="2"/>
			<ingredient name="drinkJarEmpty" count="1"/>
			<ingredient name="resourceOil" count="1"/>
		</recipe>		
		<recipe name="modDyeFuchsia" count="1" craft_area="chemistryStation" tags="mods,chemStationCrafting">
			<property name="Group" value="Resources,Chemicals,CFChemicals"/>
			<ingredient name="resourcePaint" count="2"/>
			<ingredient name="drinkJarEmpty" count="1"/>
			<ingredient name="resourceOil" count="1"/>
		</recipe>		
		<recipe name="modDyePuce" count="1" craft_area="chemistryStation" tags="mods,chemStationCrafting">
			<property name="Group" value="Resources,Chemicals,CFChemicals"/>
			<ingredient name="resourcePaint" count="2"/>
			<ingredient name="drinkJarEmpty" count="1"/>
			<ingredient name="resourceOil" count="1"/>
		</recipe>		
		<recipe name="modDyeMauve" count="1" craft_area="chemistryStation" tags="mods,chemStationCrafting">
			<property name="Group" value="Resources,Chemicals,CFChemicals"/>
			<ingredient name="resourcePaint" count="2"/>
			<ingredient name="drinkJarEmpty" count="1"/>
			<ingredient name="resourceOil" count="1"/>
		</recipe>		
		<recipe name="modDyeLavender" count="1" craft_area="chemistryStation" tags="mods,chemStationCrafting">
			<property name="Group" value="Resources,Chemicals,CFChemicals"/>
			<ingredient name="resourcePaint" count="2"/>
			<ingredient name="drinkJarEmpty" count="1"/>
			<ingredient name="resourceOil" count="1"/>
		</recipe>		
		<recipe name="modDyePlum" count="1" craft_area="chemistryStation" tags="mods,chemStationCrafting">
			<property name="Group" value="Resources,Chemicals,CFChemicals"/>
			<ingredient name="resourcePaint" count="2"/>
			<ingredient name="drinkJarEmpty" count="1"/>
			<ingredient name="resourceOil" count="1"/>
		</recipe>		
		<recipe name="modDyeIndigo" count="1" craft_area="chemistryStation" tags="mods,chemStationCrafting">
			<property name="Group" value="Resources,Chemicals,CFChemicals"/>
			<ingredient name="resourcePaint" count="2"/>
			<ingredient name="drinkJarEmpty" count="1"/>
			<ingredient name="resourceOil" count="1"/>
		</recipe>		
		<recipe name="modDyeMaroon" count="1" craft_area="chemistryStation" tags="mods,chemStationCrafting">
			<property name="Group" value="Resources,Chemicals,CFChemicals"/>
			<ingredient name="resourcePaint" count="2"/>
			<ingredient name="drinkJarEmpty" count="1"/>
			<ingredient name="resourceOil" count="1"/>
		</recipe>		
		<recipe name="modDyeCrimson" count="1" craft_area="chemistryStation" tags="mods,chemStationCrafting">
			<property name="Group" value="Resources,Chemicals,CFChemicals"/>
			<ingredient name="resourcePaint" count="2"/>
			<ingredient name="drinkJarEmpty" count="1"/>
			<ingredient name="resourceOil" count="1"/>
		</recipe>		

		
		
		
		
<!-- Custom Dye > Paint (cos for some stupid reason they won't scrap?! 

		<recipe name="resourcePaint" count="10" craft_time="2">
			<ingredient name="modDyeTurquoise" count="1"/>
		</recipe>
		<recipe name="resourcePaint" count="10" craft_time="2">
			<ingredient name="modDyeRoyalPurple" count="1"/>
		</recipe>
		<recipe name="resourcePaint" count="10" craft_time="2">
			<ingredient name="modDyeGold" count="1"/>
		</recipe>
		<recipe name="resourcePaint" count="10" craft_time="2">
			<ingredient name="modDyeSilver" count="1"/>
		</recipe>
		<recipe name="resourcePaint" count="10" craft_time="2">
			<ingredient name="modDyeBronze" count="1"/>
		</recipe>
		<recipe name="resourcePaint" count="10" craft_time="2">
			<ingredient name="modDyeLime" count="1"/>
		</recipe>
		<recipe name="resourcePaint" count="10" craft_time="2">
			<ingredient name="modDyeCandyPink" count="1"/>
		</recipe>	
		<recipe name="resourcePaint" count="10" craft_time="2">
			<ingredient name="modDyeOrange" count="1"/>
		</recipe>	
		<recipe name="resourcePaint" count="10" craft_time="2">
			<ingredient name="modDyeBeige" count="1"/>
		</recipe>
		<recipe name="resourcePaint" count="10" craft_time="2">
			<ingredient name="modDyeTan" count="1"/>
		</recipe>
		<recipe name="resourcePaint" count="10" craft_time="2">
			<ingredient name="modDyeCharcoal" count="1"/>
		</recipe>
		<recipe name="resourcePaint" count="10" craft_time="2">
			<ingredient name="modDyeBeige" count="1"/>
		</recipe>
		<recipe name="resourcePaint" count="10" craft_time="2">
			<ingredient name="modDyeNavyBlue" count="1"/>
		</recipe>
		<recipe name="resourcePaint" count="10" craft_time="2">
			<ingredient name="modDyeRoyalBlue" count="1"/>
		</recipe>
		<recipe name="resourcePaint" count="10" craft_time="2">
			<ingredient name="modDyeAzure" count="1"/>
		</recipe>
		<recipe name="resourcePaint" count="10" craft_time="2">
			<ingredient name="modDyeCyan" count="1"/>
		</recipe>
		<recipe name="resourcePaint" count="10" craft_time="2">
			<ingredient name="modDyeAquamarine" count="1"/>
		</recipe>
		<recipe name="resourcePaint" count="10" craft_time="2">
			<ingredient name="modDyeTeal" count="1"/>
		</recipe>
		<recipe name="resourcePaint" count="10" craft_time="2">
			<ingredient name="modDyeForestGreen" count="1"/>
		</recipe>
		<recipe name="resourcePaint" count="10" craft_time="2">
			<ingredient name="modDyeOlive" count="1"/>
		</recipe>
		<recipe name="resourcePaint" count="10" craft_time="2">
			<ingredient name="modDyeChartreuse" count="1"/>
		</recipe>
		<recipe name="resourcePaint" count="10" craft_time="2">
			<ingredient name="modDyeCoral" count="1"/>
		</recipe>
		<recipe name="resourcePaint" count="10" craft_time="2">
			<ingredient name="modDyeSalmon" count="1"/>
		</recipe>
		<recipe name="resourcePaint" count="10" craft_time="2">
			<ingredient name="modDyeFuchsia" count="1"/>
		</recipe>
		<recipe name="resourcePaint" count="10" craft_time="2">
			<ingredient name="modDyePuce" count="1"/>
		</recipe>
		<recipe name="resourcePaint" count="10" craft_time="2">
			<ingredient name="modDyeMauve" count="1"/>
		</recipe>
		<recipe name="resourcePaint" count="10" craft_time="2">
			<ingredient name="modDyeLavender" count="1"/>
		</recipe>
		<recipe name="resourcePaint" count="10" craft_time="2">
			<ingredient name="modDyePlum" count="1"/>
		</recipe>
		<recipe name="resourcePaint" count="10" craft_time="2">
			<ingredient name="modDyeIndigo" count="1"/>
		</recipe>
		<recipe name="resourcePaint" count="10" craft_time="2">
			<ingredient name="modDyeMaroon" count="1"/>
		</recipe>
		<recipe name="resourcePaint" count="10" craft_time="2">
			<ingredient name="modDyeCrimson" count="1"/>
		</recipe>

	-->
	</append>

</FRK>